-- phpMyAdmin SQL Dump
-- version 4.5.1
-- http://www.phpmyadmin.net
--
-- Servidor: 127.0.0.1
-- Tiempo de generación: 18-04-2016 a las 23:04:27
-- Versión del servidor: 10.1.9-MariaDB
-- Versión de PHP: 5.6.15

SET SQL_MODE = "NO_AUTO_VALUE_ON_ZERO";
SET time_zone = "+00:00";


/*!40101 SET @OLD_CHARACTER_SET_CLIENT=@@CHARACTER_SET_CLIENT */;
/*!40101 SET @OLD_CHARACTER_SET_RESULTS=@@CHARACTER_SET_RESULTS */;
/*!40101 SET @OLD_COLLATION_CONNECTION=@@COLLATION_CONNECTION */;
/*!40101 SET NAMES utf8mb4 */;

--
-- Base de datos: `pasantia`
--

-- --------------------------------------------------------

--
-- Estructura de tabla para la tabla `formato`
--

CREATE TABLE `formato` (
  `cod_formato` varchar(30) CHARACTER SET utf8 COLLATE utf8_spanish_ci NOT NULL,
  `nombre` varchar(30) CHARACTER SET utf8 COLLATE utf8_spanish_ci NOT NULL,
  `observaciones` text CHARACTER SET utf8 COLLATE utf8_spanish_ci NOT NULL,
  `procedimiento` varchar(30) CHARACTER SET utf8 COLLATE utf8_spanish_ci NOT NULL,
  `jefe_procedimiento` varchar(30) CHARACTER SET utf8 COLLATE utf8_spanish_ci NOT NULL,
  `descripcion_contenido` varchar(30) CHARACTER SET utf8 COLLATE utf8_spanish_ci NOT NULL,
  `frecuencia_uso` int(11) NOT NULL,
  `codigo_html` text CHARACTER SET utf8 COLLATE utf8_spanish_ci NOT NULL
) ENGINE=InnoDB DEFAULT CHARSET=utf8 COLLATE=utf8_unicode_ci;

--
-- Volcado de datos para la tabla `formato`
--

INSERT INTO `formato` (`cod_formato`, `nombre`, `observaciones`, `procedimiento`, `jefe_procedimiento`, `descripcion_contenido`, `frecuencia_uso`, `codigo_html`) VALUES
('RES-1710', 'Orden producción de esmaltes', 'Versión 3', 'Preparación de esmaltes', 'Felix Garcia', 'Tabla', 2, '\n        <table id="encabezado" style="width:100%;text-align: center" class="ui-sortable-handle">\n            <tbody><tr>\n                <td><h2> Nombre: Orden producción de esmaltes</h2></td>\n                <td><h2> Codigo: RES-1710 </h2></td>                    \n                <td><img class="img-responsive" src="../util/images/corporativo/logo_ceramica.png" alt="Cerámica Italia"></td>\n            </tr>\n        </tbody></table>\n    \n<div class="formato ui-state-default ui-sortable-handle" style="width:100%;"><label>Datos del cargue</label></div><div class="formato form-group ui-state-default ui-sortable-handle"><label>Orden de producción</label><input id="orden_de_producción" name="orden_de_producción" type="text" length="30" disabled=""></div><div class="formato ui-state-default ui-sortable-handle"><label>Turno</label><br><input type="radio" id="turno-0" name="radio" value="6-2" disabled=""><p>6-2</p> <input type="radio" id="turno-1" name="radio" value="2-10" disabled=""><p>2-10</p><input type="radio" id="turno-2" name="radio" value="10-6" disabled=""><p>10-6</p></div><div class="formato form-group ui-state-default ui-sortable-handle"><label>Fecha</label><input id="fecha" name="fecha" type="text" length="30" disabled=""></div><div class="formato form-group ui-state-default ui-sortable-handle"><label>Operador cargue</label><input id="operador_cargue" name="operador_cargue" type="text" length="30" disabled=""></div><div class="formato form-group ui-state-default ui-sortable-handle"><label>Producto</label><input id="producto" name="producto" type="text" length="30" disabled=""></div><div class="formato  form-group ui-state-default ui-sortable-handle"><label>Altura libre molino</label><input id="altura_libre_molino" name="altura_libre_molino" type="number" length="15" disabled=""></div><div class="formato ui-state-default ui-sortable-handle"><label>Revestimiento molino</label><br><input type="radio" id="revestimiento_molino-0" name="radio" value="bien" disabled=""><p>bien</p> <input type="radio" id="revestimiento_molino-1" name="radio" value="mal" disabled=""><p>mal</p></div><div class="formato ui-state-default ui-sortable-handle"><label>Lavado de molino</label><br><input type="radio" id="lavado_de_molino-0" name="radio" value="Si" disabled=""><p>Si</p> <input type="radio" id="lavado_de_molino-1" name="radio" value="No" disabled=""><p>No</p></div><div class="formato form-group ui-state-default ui-sortable-handle"><label>Tiempo de molienda</label><input id="tiempo_de_molienda" name="tiempo_de_molienda" type="text" length="30" disabled=""></div><div class="formato form-group ui-state-default ui-sortable-handle"><label>Hora inicio</label><input id="hora_inicio" name="hora_inicio" type="text" length="30" disabled=""></div><div class="formato form-group ui-state-default ui-sortable-handle"><label>Hora parada</label><input id="hora_parada" name="hora_parada" type="text" length="30" disabled=""></div><div class="formato ui-state-default ui-sortable-handle"><label>Untitled</label><br><input type="radio" id="Untitled-0" name="radio" value="1" disabled=""><p>1</p> <input type="radio" id="Untitled-1" name="radio" value="2" disabled=""><p>2</p><input type="radio" id="Untitled-2" name="radio" value="3" disabled=""><p>3</p><input type="radio" id="Untitled-3" name="radio" value="4" disabled=""><p>4</p><input type="radio" id="Untitled-4" name="radio" value="5" disabled=""><p>5</p><input type="radio" id="Untitled-5" name="radio" value="6" disabled=""><p>6</p><input type="radio" id="Untitled-6" name="radio" value="7" disabled=""><p>7</p><input type="radio" id="Untitled-7" name="radio" value="8" disabled=""><p>8</p><input type="radio" id="Untitled-8" name="radio" value="9" disabled=""><p>9</p></div><div class="formato ui-state-default ui-sortable-handle"><table id="tabla" name="tabla"><thead><tr><th><label>Titulo 1</label></th><th><p>Nueva columna</p></th><th><p>Nueva columna</p></th><th><p>Nueva columna</p></th><th><p>Nueva columna</p></th></tr></thead><tbody><tr><td><p>Untitled </p><input id="Untitled" name="untitled" type="text" disabled=""></td><td><p>Untitled </p><input id="Untitled" type="text" disabled=""></td><td><p>Untitled </p><input id="Untitled" type="text" disabled=""></td><td><p>Untitled </p><input id="Untitled" type="text" disabled=""></td><td><p>Untitled </p><input id="Untitled" type="text" disabled=""></td></tr><tr><td><p>Untitled </p><p><input id="Untitled" type="text" disabled=""></p></td><td><p>Untitled </p><p><input id="Untitled" type="text" disabled=""></p></td><td><p>Untitled </p><p><input id="Untitled" type="text" disabled=""></p></td><td><p>Untitled </p><p><input id="Untitled" type="text" disabled=""></p></td><td><p>Untitled </p><p><input id="Untitled" type="text" disabled=""></p></td></tr><tr><td><p>Untitled </p><p><input id="Untitled" type="text" disabled=""></p></td><td><p>Untitled </p><p><input id="Untitled" type="text" disabled=""></p></td><td><p>Untitled </p><p><input id="Untitled" type="text" disabled=""></p></td><td><p>Untitled </p><p><input id="Untitled" type="text" disabled=""></p></td><td><p>Untitled </p><p><input id="Untitled" type="text" disabled=""></p></td></tr><tr><td><p>Untitled </p><p><input id="Untitled" type="text" disabled=""></p></td><td><p>Untitled </p><p><input id="Untitled" type="text" disabled=""></p></td><td><p>Untitled </p><p><input id="Untitled" type="text" disabled=""></p></td><td><p>Untitled </p><p><input id="Untitled" type="text" disabled=""></p></td><td><p>Untitled </p><p><input id="Untitled" type="text" disabled=""></p></td></tr><tr><td><p>Untitled </p><p><input id="Untitled" type="text" disabled=""></p></td><td><p>Untitled </p><p><input id="Untitled" type="text" disabled=""></p></td><td><p>Untitled </p><p><input id="Untitled" type="text" disabled=""></p></td><td><p>Untitled </p><p><input id="Untitled" type="text" disabled=""></p></td><td><p>Untitled </p><p><input id="Untitled" type="text" disabled=""></p></td></tr><tr><td><p>Untitled </p><p><input id="Untitled" type="text" disabled=""></p></td><td><p>Untitled </p><p><input id="Untitled" type="text" disabled=""></p></td><td><p>Untitled </p><p><input id="Untitled" type="text" disabled=""></p></td><td><p>Untitled </p><p><input id="Untitled" type="text" disabled=""></p></td><td><p>Untitled </p><p><input id="Untitled" type="text" disabled=""></p></td></tr><tr><td><p>Untitled </p><p><input id="Untitled" type="text" disabled=""></p></td><td><p>Untitled </p><p><input id="Untitled" type="text" disabled=""></p></td><td><p>Untitled </p><p><input id="Untitled" type="text" disabled=""></p></td><td><p>Untitled </p><p><input id="Untitled" type="text" disabled=""></p></td><td><p>Untitled </p><p><input id="Untitled" type="text" disabled=""></p></td></tr><tr><td><p>Untitled </p><p><input id="Untitled" type="text" disabled=""></p></td><td><p>Untitled </p><p><input id="Untitled" type="text" disabled=""></p></td><td><p>Untitled </p><p><input id="Untitled" type="text" disabled=""></p></td><td><p>Untitled </p><p><input id="Untitled" type="text" disabled=""></p></td><td><p>Untitled </p><p><input id="Untitled" type="text" disabled=""></p></td></tr><tr><td><p>Untitled </p><p><input id="Untitled" type="text" disabled=""></p></td><td><p>Untitled </p><p><input id="Untitled" type="text" disabled=""></p></td><td><p>Untitled </p><p><input id="Untitled" type="text" disabled=""></p></td><td><p>Untitled </p><p><input id="Untitled" type="text" disabled=""></p></td><td><p>Untitled </p><p><input id="Untitled" type="text" disabled=""></p></td></tr><tr><td><p>Untitled </p><p><input id="Untitled" type="text" disabled=""></p></td><td><p>Untitled </p><p><input id="Untitled" type="text" disabled=""></p></td><td><p>Untitled </p><p><input id="Untitled" type="text" disabled=""></p></td><td><p>Untitled </p><p><input id="Untitled" type="text" disabled=""></p></td><td><p>Untitled </p><p><input id="Untitled" type="text" disabled=""></p></td></tr><tr><td><p>Untitled </p><p><input id="Untitled" type="text" disabled=""></p></td><td><p>Untitled </p><p><input id="Untitled" type="text" disabled=""></p></td><td><p>Untitled </p><p><input id="Untitled" type="text" disabled=""></p></td><td><p>Untitled </p><p><input id="Untitled" type="text" disabled=""></p></td><td><p>Untitled </p><p><input id="Untitled" type="text" disabled=""></p></td></tr><tr><td><p>Untitled </p><p><input id="Untitled" type="text" disabled=""></p></td><td><p>Untitled </p><p><input id="Untitled" type="text" disabled=""></p></td><td><p>Untitled </p><p><input id="Untitled" type="text" disabled=""></p></td><td><p>Untitled </p><p><input id="Untitled" type="text" disabled=""></p></td><td><p>Untitled </p><p><input id="Untitled" type="text" disabled=""></p></td></tr><tr><td><p>Untitled </p><p><input id="Untitled" type="text" disabled=""></p></td><td><p>Untitled </p><p><input id="Untitled" type="text" disabled=""></p></td><td><p>Untitled </p><p><input id="Untitled" type="text" disabled=""></p></td><td><p>Untitled </p><p><input id="Untitled" type="text" disabled=""></p></td><td><p>Untitled </p><p><input id="Untitled" type="text" disabled=""></p></td></tr><tr><td><p>Untitled </p><p><input id="Untitled" type="text" disabled=""></p></td><td><p>Untitled </p><p><input id="Untitled" type="text" disabled=""></p></td><td><p>Untitled </p><p><input id="Untitled" type="text" disabled=""></p></td><td><p>Untitled </p><p><input id="Untitled" type="text" disabled=""></p></td><td><p>Untitled </p><p><input id="Untitled" type="text" disabled=""></p></td></tr><tr><td><p>Untitled </p><p><input id="Untitled" type="text" disabled=""></p></td><td><p>Untitled </p><p><input id="Untitled" type="text" disabled=""></p></td><td><p>Untitled </p><p><input id="Untitled" type="text" disabled=""></p></td><td><p>Untitled </p><p><input id="Untitled" type="text" disabled=""></p></td><td><p>Untitled </p><p><input id="Untitled" type="text" disabled=""></p></td></tr><tr><td><p>Untitled </p><p><input id="Untitled" type="text" disabled=""></p></td><td><p>Untitled </p><p><input id="Untitled" type="text" disabled=""></p></td><td><p>Untitled </p><p><input id="Untitled" type="text" disabled=""></p></td><td><p>Untitled </p><p><input id="Untitled" type="text" disabled=""></p></td><td><p>Untitled </p><p><input id="Untitled" type="text" disabled=""></p></td></tr><tr><td><p>Untitled </p><p><input id="Untitled" type="text" disabled=""></p></td><td><p>Untitled </p><p><input id="Untitled" type="text" disabled=""></p></td><td><p>Untitled </p><p><input id="Untitled" type="text" disabled=""></p></td><td><p>Untitled </p><p><input id="Untitled" type="text" disabled=""></p></td><td><p>Untitled </p><p><input id="Untitled" type="text" disabled=""></p></td></tr><tr><td><p>Untitled </p><p><input id="Untitled" type="text" disabled=""></p></td><td><p>Untitled </p><p><input id="Untitled" type="text" disabled=""></p></td><td><p>Untitled </p><p><input id="Untitled" type="text" disabled=""></p></td><td><p>Untitled </p><p><input id="Untitled" type="text" disabled=""></p></td><td><p>Untitled </p><p><input id="Untitled" type="text" disabled=""></p></td></tr><tr><td><p>Untitled </p><p><input id="Untitled" type="text" disabled=""></p></td><td><p>Untitled </p><p><input id="Untitled" type="text" disabled=""></p></td><td><p>Untitled </p><p><input id="Untitled" type="text" disabled=""></p></td><td><p>Untitled </p><p><input id="Untitled" type="text" disabled=""></p></td><td><p>Untitled </p><p><input id="Untitled" type="text" disabled=""></p></td></tr></tbody></table></div><div class="formato ui-state-default ui-sortable-handle"><label>Observaciones</label><textarea id="observaciones" name="observaciones" type="text" disabled=""></textarea></div><div class="formato ui-state-default ui-sortable-handle" style="width:100%;"><label>Datos de ajuste</label></div><div class="formato form-group ui-state-default ui-sortable-handle"><label>Fecha</label><input id="fecha" name="fecha" type="text" length="30" disabled=""></div><div class="formato ui-state-default ui-sortable-handle"><label>Turno</label><br><input type="radio" id="turno-0" name="radio" value="6-2" disabled=""><p>6-2</p> <input type="radio" id="turno-1" name="radio" value="2-10" disabled=""><p>2-10</p><input type="radio" id="turno-2" name="radio" value="10-6" disabled=""><p>10-6</p></div><div class="formato form-group ui-state-default ui-sortable-handle"><label>Operador ajuste</label><input id="operador_ajuste" name="operador_ajuste" type="text" length="30" disabled=""></div><div class="formato form-group ui-state-default ui-sortable-handle"><label>Quien toma condiciones</label><input id="quien_toma_condiciones" name="quien_toma_condiciones" type="text" length="30" disabled=""></div><div class="formato form-group ui-state-default ui-sortable-handle"><label>Hora ajuste</label><input id="hora_ajuste" name="hora_ajuste" type="text" length="30" disabled=""></div><div class="formato ui-state-default ui-sortable-handle"><table id="tabla" name="tabla"><thead><tr><th><label>Titulo 1</label></th><th><p>Nueva columna</p></th><th><p>Nueva columna</p></th></tr></thead><tbody><tr><td><p>Untitled </p><input id="Untitled" name="untitled" type="text" disabled=""></td><td><p>Untitled </p><input id="Untitled" type="text" disabled=""></td><td><p>Untitled </p><input id="Untitled" type="text" disabled=""></td></tr><tr><td><p>Untitled </p><p><input id="Untitled" type="text" disabled=""></p></td><td><p>Untitled </p><p><input id="Untitled" type="text" disabled=""></p></td><td><p>Untitled </p><p><input id="Untitled" type="text" disabled=""></p></td></tr><tr><td><p>Untitled </p><p><input id="Untitled" type="text" disabled=""></p></td><td><p>Untitled </p><p><input id="Untitled" type="text" disabled=""></p></td><td><p>Untitled </p><p><input id="Untitled" type="text" disabled=""></p></td></tr><tr><td><p>Untitled </p><p><input id="Untitled" type="text" disabled=""></p></td><td><p>Untitled </p><p><input id="Untitled" type="text" disabled=""></p></td><td><p>Untitled </p><p><input id="Untitled" type="text" disabled=""></p></td></tr><tr><td><p>Untitled </p><p><input id="Untitled" type="text" disabled=""></p></td><td><p>Untitled </p><p><input id="Untitled" type="text" disabled=""></p></td><td><p>Untitled </p><p><input id="Untitled" type="text" disabled=""></p></td></tr></tbody></table></div><div class="formato ui-state-default"><table id="tabla" name="tabla"><thead><tr><th><label>Titulo 1</label></th><th><p>Nueva columna</p></th></tr></thead><tbody><tr><td><p>Untitled </p><input id="Untitled" name="untitled" type="text" disabled=""></td><td><p>Untitled </p><input id="Untitled" type="text" disabled=""></td></tr><tr><td><p>Untitled </p><p><input id="Untitled" type="text" disabled=""></p></td><td><p>Untitled </p><p><input id="Untitled" type="text" disabled=""></p></td></tr><tr><td><p>Untitled </p><p><input id="Untitled" type="text" disabled=""></p></td><td><p>Untitled </p><p><input id="Untitled" type="text" disabled=""></p></td></tr><tr><td><p>Untitled </p><p><input id="Untitled" type="text" disabled=""></p></td><td><p>Untitled </p><p><input id="Untitled" type="text" disabled=""></p></td></tr><tr><td><p>Untitled </p><p><input id="Untitled" type="text" disabled=""></p></td><td><p>Untitled </p><p><input id="Untitled" type="text" disabled=""></p></td></tr><tr><td><p>Untitled </p><p><input id="Untitled" type="text" disabled=""></p></td><td><p>Untitled </p><p><input id="Untitled" type="text" disabled=""></p></td></tr></tbody></table></div><div class="formato ui-state-default"><label>Observaciones ajuste</label><textarea id="observaciones_ajuste" name="observaciones_ajuste" type="text" disabled="" style="margin: 0px; width: 675px; height: 46px;"></textarea></div><div class="formato ui-state-default" style="width:100%;"><label>Naturaleza de cambio: Actualizar documentos SGC-00.940.056</label></div><div class="formato ui-state-default isSelected" style="width:100%;"><label>Versión 3</label></div>'),
('RMO-1100', 'Cargue materia prima', 'Naturaleza del cambio: 00.718.784', 'Preparación pasta', 'Felix Garcia', 'tabla', 2, '<table id="encabezado" style="width:100%;text-align: center" class="ui-sortable-handle">\n                    <tbody><tr>\n                    <td><h2> Nombre: Cargue materia prima</h2></td>\n                    <td><h2> Codigo: RMO-1100 </h2></td>                    \n                    <td><img class="img-responsive" src="../util/images/corporativo/logo_ceramica.png" alt="Cerámica Italia"></td>\n                    </tr>\n                </tbody></table>\n            <div class="formato form-group ui-state-default ui-sortable-handle"><label>Fecha</label><input id="fecha" type="text" length="30" disabled="" name="fecha"></div><div class="formato form-group ui-state-default ui-sortable-handle"><label>Operario</label><input id="operario" type="text" length="30" disabled="" name="operario"></div><div class="formato ui-state-default ui-sortable-handle"><label>Tipo de cargue</label> <br><input id="tipo_de_cargue-0" type="checkbox" name="tipo_de_cargue-0" value="Gres" disabled=""><p>Gres</p><input id="tipo_de_cargue-1" type="checkbox" name="tipo_de_cargue-1" value="Ensayo" disabled=""><p>Ensayo</p></div><div class="formato ui-state-default ui-sortable-handle"><label>Turno</label><br><input type="radio" id="turno-0" name="radio" value="6 a.m. - 2 p.m." disabled=""><p>6 a.m. - 2 p.m.</p> <input type="radio" id="turno-1" name="radio" value="2 p.m. - 8 p.m." disabled=""><p>2 p.m. - 8 p.m.</p><input type="radio" id="turno-2" name="radio" value="8 p.m. - 6 a.m." disabled=""><p>8 p.m. - 6 a.m.</p></div><div class="formato  form-group ui-state-default ui-sortable-handle"><label>Tolva No.</label><input id="tolva_no." type="number" length="15" disabled="" name="tolva_no."></div><div class="formato  form-group ui-state-default ui-sortable-handle"><label>Número</label><input id="número" type="number" length="15" disabled="" name="número"></div><div class="formato ui-state-default ui-sortable-handle" style="width:100%;"><label>Tabla de materiales</label></div><div class="formato ui-state-default ui-sortable-handle"><table id="tabla" name="tabla"><thead><tr><th><label>Titulo 1</label></th><th><p>Nueva columna</p></th><th><p>Nueva columna</p></th><th><p>Nueva columna</p></th><th><p>Nueva columna</p></th></tr></thead><tbody><tr><td><p>Untitled </p><input id="Untitled" type="text" disabled=""></td><td><p>Untitled </p><input id="Untitled" type="text" disabled=""></td><td><p>Untitled </p><input id="Untitled" type="text" disabled=""></td><td><p>Untitled </p><input id="Untitled" type="text" disabled=""></td><td><p>Untitled </p><input id="Untitled" type="text" disabled=""></td></tr><tr><td><p>Untitled </p><p><input id="Untitled" type="text" disabled=""></p></td><td><p>Untitled </p><input id="Untitled" type="text" disabled=""></td><td><p>Untitled </p><input id="Untitled" type="text" disabled=""></td><td><p>Untitled </p><input id="Untitled" type="text" disabled=""></td><td><p>Untitled </p><input id="Untitled" type="text" disabled=""></td></tr><tr><td><p>Untitled </p><p><input id="Untitled" type="text" disabled=""></p></td><td><p>Untitled </p><p><input id="Untitled" type="text" disabled=""></p></td><td><p>Untitled </p><p><input id="Untitled" type="text" disabled=""></p></td><td><p>Untitled </p><p><input id="Untitled" type="text" disabled=""></p></td><td><p>Untitled </p><p><input id="Untitled" type="text" disabled=""></p></td></tr><tr><td><p>Untitled </p><p><input id="Untitled" type="text" disabled=""></p></td><td><p>Untitled </p><p><input id="Untitled" type="text" disabled=""></p></td><td><p>Untitled </p><p><input id="Untitled" type="text" disabled=""></p></td><td><p>Untitled </p><p><input id="Untitled" type="text" disabled=""></p></td><td><p>Untitled </p><p><input id="Untitled" type="text" disabled=""></p></td></tr><tr><td><p>Untitled </p><p><input id="Untitled" type="text" disabled=""></p></td><td><p>Untitled </p><p><input id="Untitled" type="text" disabled=""></p></td><td><p>Untitled </p><p><input id="Untitled" type="text" disabled=""></p></td><td><p>Untitled </p><p><input id="Untitled" type="text" disabled=""></p></td><td><p>Untitled </p><p><input id="Untitled" type="text" disabled=""></p></td></tr><tr><td><p>Untitled </p><p><input id="Untitled" type="text" disabled=""></p></td><td><p>Untitled </p><p><input id="Untitled" type="text" disabled=""></p></td><td><p>Untitled </p><p><input id="Untitled" type="text" disabled=""></p></td><td><p>Untitled </p><p><input id="Untitled" type="text" disabled=""></p></td><td><p>Untitled </p><p><input id="Untitled" type="text" disabled=""></p></td></tr><tr><td><p>Untitled </p><p><input id="Untitled" type="text" disabled=""></p></td><td><p>Untitled </p><p><input id="Untitled" type="text" disabled=""></p></td><td><p>Untitled </p><p><input id="Untitled" type="text" disabled=""></p></td><td><p>Untitled </p><p><input id="Untitled" type="text" disabled=""></p></td><td><p>Untitled </p><p><input id="Untitled" type="text" disabled=""></p></td></tr><tr><td><p>Untitled </p><p><input id="Untitled" type="text" disabled=""></p></td><td><p>Untitled </p><p><input id="Untitled" type="text" disabled=""></p></td><td><p>Untitled </p><p><input id="Untitled" type="text" disabled=""></p></td><td><p>Untitled </p><p><input id="Untitled" type="text" disabled=""></p></td><td><p>Untitled </p><p><input id="Untitled" type="text" disabled=""></p></td></tr></tbody></table></div><div class="formato ui-state-default ui-sortable-handle"><label>Observaciones</label><textarea id="observaciones" type="text" disabled="" name="observaciones" style="margin: 0px; width: 619px; height: 67px;"></textarea></div><div class="formato form-group ui-state-default ui-sortable-handle"><label>Consecutivo</label><input id="consecutivo" type="text" length="30" disabled="" name="consecutivo"></div><div class="formato form-group ui-state-default ui-sortable-handle"><label>Firma del cargador</label><input id="firma_del_cargador" type="text" length="30" disabled="" name="firma_del_cargador"></div><div class="formato ui-state-default ui-sortable-handle isSelected" style="width: 100%;"><label>Naturaleza del cambio: 00.718.784</label></div>\n\n\n'),
('TEST', 'Prueba', 'Revisión del formato', 'prueba', 'prueba', 'opcion', 2, '\n        <table id="encabezado" style="width:100%;text-align: center" class="ui-sortable-handle">\n            <tbody><tr>\n                <td><h2> Nombre: Prueba</h2></td>\n                <td><h2> Codigo: TEST </h2></td>                    \n                <td><img class="img-responsive" src="../util/images/corporativo/logo_ceramica.png" alt="Cerámica Italia"></td>\n            </tr>\n        </tbody></table>\n    <div class="formato form-group ui-state-default ui-sortable-handle"><label>Nombre<p style="color:red;">*</p></label><input id="nombre" name="nombre" type="text" length="30" disabled="" required="required"></div>\n<div class="formato  form-group ui-state-default ui-sortable-handle"><label>Edad<p style="color:red;">*</p></label><input id="edad" name="edad" type="number" length="15" disabled="" required="required"></div><div class="formato form-group ui-state-default ui-sortable-handle"><label>No requerido</label><input id="no_requerido" name="no_requerido" type="text" length="30" disabled=""></div><div class="formato ui-state-default ui-sortable-handle"><label>verificacion</label> <br><input id="verificacion-0" type="checkbox" name="verificacion-0" value="cas1" disabled=""><p>cas1</p><input id="verificacion-1" type="checkbox" name="verificacion-1" value="cas2" disabled=""><p>cas2</p><input id="verificacion-2" type="checkbox" name="verificacion-2" value="cas3" disabled=""><p>cas3</p></div><div class="formato ui-state-default ui-sortable-handle"><label>opciones</label><br><input type="radio" id="opciones-0" name="opciones" value="si" disabled=""><p>si</p> <input type="radio" id="opciones-1" name="opciones" value="no" disabled=""><p>no</p></div><div class="formato ui-state-default ui-sortable-handle"><label>Lista</label><select id="lista" name="lista"><option value="opc1" selected="">opc1</option><option value="opc2">opc2</option><option value="opc3">opc3</option></select></div><div class="formato ui-state-default ui-sortable-handle isSelected" style="width:100%;"><label>Esto es un separador</label></div><div class="formato ui-state-default ui-sortable-handle"><label>Area</label><textarea id="area" name="area" type="text" disabled="" style="margin: 0px; height: 60px; width: 696px;"></textarea></div>\n\n\n');

-- --------------------------------------------------------

--
-- Estructura de tabla para la tabla `frecuencia_formato`
--

CREATE TABLE `frecuencia_formato` (
  `id` int(11) NOT NULL,
  `descripcion` varchar(30) CHARACTER SET utf8 COLLATE utf8_spanish_ci NOT NULL
) ENGINE=InnoDB DEFAULT CHARSET=utf8 COLLATE=utf8_unicode_ci;

--
-- Volcado de datos para la tabla `frecuencia_formato`
--

INSERT INTO `frecuencia_formato` (`id`, `descripcion`) VALUES
(1, 'hora'),
(2, 'turno'),
(3, 'turno administracion'),
(4, 'diario'),
(5, 'semanal'),
(6, 'ocasional'),
(7, 'libre');

-- --------------------------------------------------------

--
-- Estructura de tabla para la tabla `historial_usuario_formato`
--

CREATE TABLE `historial_usuario_formato` (
  `id` int(11) NOT NULL,
  `id_usuario` varchar(30) CHARACTER SET utf8 COLLATE utf8_spanish_ci NOT NULL,
  `id_formato` varchar(30) CHARACTER SET utf8 COLLATE utf8_spanish_ci NOT NULL,
  `fecha` timestamp NOT NULL DEFAULT CURRENT_TIMESTAMP ON UPDATE CURRENT_TIMESTAMP,
  `accion` varchar(30) CHARACTER SET utf8 COLLATE utf8_spanish_ci NOT NULL
) ENGINE=InnoDB DEFAULT CHARSET=utf8 COLLATE=utf8_unicode_ci;

--
-- Volcado de datos para la tabla `historial_usuario_formato`
--

INSERT INTO `historial_usuario_formato` (`id`, `id_usuario`, `id_formato`, `fecha`, `accion`) VALUES
(1, 'super', 'RMO-1100', '2016-04-11 13:15:17', 'desasignado'),
(2, 'oper', 'RMO-1100', '2016-04-11 13:15:38', 'desasignado'),
(3, 'super', 'TEST', '2016-04-14 22:48:30', 'asignado'),
(4, 'super', 'TEST', '2016-04-15 21:00:31', 'desasignado'),
(5, 'super', 'RMO-1100', '2016-04-11 13:32:32', 'asignado'),
(6, 'super', 'RES-1710', '2016-04-15 13:05:09', 'asignado'),
(7, 'super', 'RES-1710', '2016-04-15 21:01:46', 'desasignado'),
(8, 'super', 'RMO-1100', '2016-04-15 21:01:41', 'desasignado'),
(9, 'super', 'TEST', '2016-04-15 21:00:46', 'asignado'),
(10, 'super', 'TEST', '2016-04-15 21:12:25', 'desasignado'),
(11, 'super', 'TEST', '2016-04-15 21:13:49', 'asignado'),
(12, 'super', 'TEST', '2016-04-15 21:22:13', 'desasignado'),
(13, 'oper', 'RMO-1100', '2016-04-11 13:32:36', 'asignado');

-- --------------------------------------------------------

--
-- Estructura de tabla para la tabla `info_res-1710`
--

CREATE TABLE `info_res-1710` (
  `id` int(11) NOT NULL,
  `fecha` timestamp NOT NULL DEFAULT CURRENT_TIMESTAMP,
  `usuario` varchar(30) CHARACTER SET utf8 COLLATE utf8_spanish_ci NOT NULL,
  `estado` tinyint(4) NOT NULL,
  `informacion` text CHARACTER SET utf8 COLLATE utf8_spanish_ci NOT NULL
) ENGINE=InnoDB DEFAULT CHARSET=utf8 COLLATE=utf8_unicode_ci;

-- --------------------------------------------------------

--
-- Estructura de tabla para la tabla `info_rmo-1100`
--

CREATE TABLE `info_rmo-1100` (
  `id` int(11) NOT NULL,
  `fecha` timestamp NOT NULL DEFAULT CURRENT_TIMESTAMP,
  `usuario` varchar(30) CHARACTER SET utf8 COLLATE utf8_spanish_ci NOT NULL,
  `estado` tinyint(4) NOT NULL,
  `informacion` text CHARACTER SET utf8 COLLATE utf8_spanish_ci NOT NULL
) ENGINE=InnoDB DEFAULT CHARSET=utf8 COLLATE=utf8_unicode_ci;

-- --------------------------------------------------------

--
-- Estructura de tabla para la tabla `info_test`
--

CREATE TABLE `info_test` (
  `id` int(11) NOT NULL,
  `fecha` timestamp NOT NULL DEFAULT CURRENT_TIMESTAMP,
  `usuario` varchar(30) CHARACTER SET utf8 COLLATE utf8_spanish_ci NOT NULL,
  `estado` tinyint(4) NOT NULL,
  `informacion` text CHARACTER SET utf8 COLLATE utf8_spanish_ci NOT NULL
) ENGINE=InnoDB DEFAULT CHARSET=utf8 COLLATE=utf8_unicode_ci;

--
-- Volcado de datos para la tabla `info_test`
--

INSERT INTO `info_test` (`id`, `fecha`, `usuario`, `estado`, `informacion`) VALUES
(1, '2016-04-18 12:41:43', 'super', 0, 'nombre=Sebastian;edad=21;no_requerido=Cuervo;verificacion-0=cas1;verificacion-1=cas2;verificacion-2=cas3;radio=no;lista=opc2;area=prueba+2;'),
(2, '2016-04-18 12:42:34', 'super', 0, 'nombre=Daniel;edad=23;verificacion-0=cas1;verificacion-1=cas2;verificacion-2=cas3;lista=opc2;'),
(3, '2016-04-18 13:48:35', 'super', 0, 'nombre=+;edad=23;lista=opc1;'),
(4, '2016-04-18 14:34:21', 'super', 0, 'nombre=cad;edad=12;verificacion-0=cas1;verificacion-1=cas2;opciones=no;lista=opc3;'),
(5, '2016-04-18 19:10:45', 'oper', 0, 'nombre=Operario;edad=23;no_requerido=prueba;verificacion-0=cas1;opciones=si;lista=opc3;area=Esta+es+una+prueba+de+operario;'),
(6, '2016-04-18 19:27:13', 'oper', 0, 'nombre=asdf+%C3%B1lkj+qwerty;edad=52;verificacion-1=cas2;opciones=si;lista=opc1;area=hola+esto+es+un+text+area;');

-- --------------------------------------------------------

--
-- Estructura de tabla para la tabla `modificaciones_formato`
--

CREATE TABLE `modificaciones_formato` (
  `fecha_modificacion` timestamp NOT NULL DEFAULT CURRENT_TIMESTAMP,
  `id_usuario` varchar(30) CHARACTER SET utf8 COLLATE utf8_spanish_ci NOT NULL,
  `id_formato` varchar(30) CHARACTER SET utf8 COLLATE utf8_spanish_ci NOT NULL,
  `detalle_modificacion` text CHARACTER SET utf8 COLLATE utf8_spanish_ci NOT NULL,
  `observaciones_formato` text CHARACTER SET utf8 COLLATE utf8_spanish_ci NOT NULL,
  `html` text CHARACTER SET utf8 COLLATE utf8_spanish_ci NOT NULL
) ENGINE=InnoDB DEFAULT CHARSET=utf8 COLLATE=utf8_unicode_ci;

--
-- Volcado de datos para la tabla `modificaciones_formato`
--

INSERT INTO `modificaciones_formato` (`fecha_modificacion`, `id_usuario`, `id_formato`, `detalle_modificacion`, `observaciones_formato`, `html`) VALUES
('2016-04-13 19:32:42', 'asis', 'RMO-1100', 'Creación en la base de datos', 'Versión inicial en el sistema', '<table id="encabezado" style="width:100%;text-align: center" class="ui-sortable-handle">\n                    <tbody><tr>\n                    <td><h2> Nombre: Cargue materia prima</h2></td>\n                    <td><h2> Codigo: RMO-1100 </h2></td>                    \n                    <td><img class="img-responsive" src="../util/images/corporativo/logo_ceramica.png" alt="Cerámica Italia"></td>\n                    </tr>\n                </tbody></table>'),
('2016-04-14 13:53:05', 'asis', 'RMO-1100', 'Corrección de la ortografía', 'Versión 8', '<table id="encabezado" style="width:100%;text-align: center" class="ui-sortable-handle">\n                    <tbody><tr>\n                    <td><h2> Nombre: Cargue materia prima</h2></td>\n                    <td><h2> Codigo: RMO-1100 </h2></td>                    \n                    <td><img class="img-responsive" src="../util/images/corporativo/logo_ceramica.png" alt="Cerámica Italia"></td>\n                    </tr>\n                </tbody></table>\n            <div class="formato form-group ui-state-default ui-sortable-handle"><label>Fecha</label><input id="fecha" type="text" length="30" disabled=""></div><div class="formato form-group ui-state-default ui-sortable-handle"><label>Operario</label><input id="operario" type="text" length="30" disabled=""></div><div class="formato ui-state-default ui-sortable-handle"><label>Tipo de cargue</label> <br><input id="tipo_de_cargue-0" type="checkbox" name="tipo_de_cargue-0" value="Gres" disabled=""><p>Gres</p><input id="tipo_de_cargue-1" type="checkbox" name="tipo_de_cargue-1" value="Ensayo" disabled=""><p>Ensayo</p></div><div class="formato ui-state-default ui-sortable-handle"><label>Turno</label><br><input type="radio" id="turno-0" name="radio" value="6 a.m. - 2 p.m." disabled=""><p>6 a.m. - 2 p.m.</p> <input type="radio" id="turno-1" name="radio" value="2 p.m. - 8 p.m." disabled=""><p>2 p.m. - 8 p.m.</p><input type="radio" id="turno-2" name="radio" value="8 p.m. - 6 a.m." disabled=""><p>8 p.m. - 6 a.m.</p></div><div class="formato  form-group ui-state-default ui-sortable-handle"><label>Tolva No.</label><input id="tolva_no." type="number" length="15" disabled=""></div><div class="formato  form-group ui-state-default ui-sortable-handle"><label>Número de cargue</label><input id="número_de_cargue" type="number" length="15" disabled=""></div><div class="formato ui-state-default ui-sortable-handle" style="width:100%;"><label>Tabla de materiales</label></div><div class="formato ui-state-default ui-sortable-handle"><table id="tabla" name="tabla"><thead><tr><th><label>Titulo 1</label></th><th><p>Nueva columna</p></th><th><p>Nueva columna</p></th><th><p>Nueva columna</p></th><th><p>Nueva columna</p></th></tr></thead><tbody><tr><td><p>Untitled </p><input id="Untitled" type="text" disabled=""></td><td><p>Untitled </p><input id="Untitled" type="text" disabled=""></td><td><p>Untitled </p><input id="Untitled" type="text" disabled=""></td><td><p>Untitled </p><input id="Untitled" type="text" disabled=""></td><td><p>Untitled </p><input id="Untitled" type="text" disabled=""></td></tr><tr><td><p>Untitled </p><p><input id="Untitled" type="text" disabled=""></p></td><td><p>Untitled </p><input id="Untitled" type="text" disabled=""></td><td><p>Untitled </p><input id="Untitled" type="text" disabled=""></td><td><p>Untitled </p><input id="Untitled" type="text" disabled=""></td><td><p>Untitled </p><input id="Untitled" type="text" disabled=""></td></tr><tr><td><p>Untitled </p><p><input id="Untitled" type="text" disabled=""></p></td><td><p>Untitled </p><p><input id="Untitled" type="text" disabled=""></p></td><td><p>Untitled </p><p><input id="Untitled" type="text" disabled=""></p></td><td><p>Untitled </p><p><input id="Untitled" type="text" disabled=""></p></td><td><p>Untitled </p><p><input id="Untitled" type="text" disabled=""></p></td></tr><tr><td><p>Untitled </p><p><input id="Untitled" type="text" disabled=""></p></td><td><p>Untitled </p><p><input id="Untitled" type="text" disabled=""></p></td><td><p>Untitled </p><p><input id="Untitled" type="text" disabled=""></p></td><td><p>Untitled </p><p><input id="Untitled" type="text" disabled=""></p></td><td><p>Untitled </p><p><input id="Untitled" type="text" disabled=""></p></td></tr><tr><td><p>Untitled </p><p><input id="Untitled" type="text" disabled=""></p></td><td><p>Untitled </p><p><input id="Untitled" type="text" disabled=""></p></td><td><p>Untitled </p><p><input id="Untitled" type="text" disabled=""></p></td><td><p>Untitled </p><p><input id="Untitled" type="text" disabled=""></p></td><td><p>Untitled </p><p><input id="Untitled" type="text" disabled=""></p></td></tr><tr><td><p>Untitled </p><p><input id="Untitled" type="text" disabled=""></p></td><td><p>Untitled </p><p><input id="Untitled" type="text" disabled=""></p></td><td><p>Untitled </p><p><input id="Untitled" type="text" disabled=""></p></td><td><p>Untitled </p><p><input id="Untitled" type="text" disabled=""></p></td><td><p>Untitled </p><p><input id="Untitled" type="text" disabled=""></p></td></tr><tr><td><p>Untitled </p><p><input id="Untitled" type="text" disabled=""></p></td><td><p>Untitled </p><p><input id="Untitled" type="text" disabled=""></p></td><td><p>Untitled </p><p><input id="Untitled" type="text" disabled=""></p></td><td><p>Untitled </p><p><input id="Untitled" type="text" disabled=""></p></td><td><p>Untitled </p><p><input id="Untitled" type="text" disabled=""></p></td></tr><tr><td><p>Untitled </p><p><input id="Untitled" type="text" disabled=""></p></td><td><p>Untitled </p><p><input id="Untitled" type="text" disabled=""></p></td><td><p>Untitled </p><p><input id="Untitled" type="text" disabled=""></p></td><td><p>Untitled </p><p><input id="Untitled" type="text" disabled=""></p></td><td><p>Untitled </p><p><input id="Untitled" type="text" disabled=""></p></td></tr></tbody></table></div><div class="formato ui-state-default ui-sortable-handle"><label>Observaciones</label><textarea id="observaciones" type="text" disabled="" name="observaciones" style="margin: 0px; width: 619px; height: 67px;"></textarea></div><div class="formato form-group ui-state-default ui-sortable-handle"><label>Consecutivo</label><input id="consecutivo" type="text" length="30" disabled=""></div><div class="formato form-group ui-state-default ui-sortable-handle"><label>Firma del cargador</label><input id="firma_del_cargador" type="text" length="30" disabled=""></div><div class="formato ui-state-default ui-sortable-handle isSelected" style="width:100%;"><label>Naturaleza del cambio: 00.718.784</label></div>\n\n'),
('2016-04-14 15:25:43', 'asis', 'RES-1710', 'Actualización de versión inicial en el sistema', 'Versión 3', '\n        <table id="encabezado" style="width:100%;text-align: center" class="ui-sortable-handle">\n            <tbody><tr>\n                <td><h2> Nombre: Orden producción de esmaltes</h2></td>\n                <td><h2> Codigo: RES-1710 </h2></td>                    \n                <td><img class="img-responsive" src="../util/images/corporativo/logo_ceramica.png" alt="Cerámica Italia"></td>\n            </tr>\n        </tbody></table>\n    \n<div class="formato ui-state-default ui-sortable-handle" style="width:100%;"><label>Datos del cargue</label></div><div class="formato form-group ui-state-default ui-sortable-handle"><label>Orden de producción</label><input id="orden_de_producción" name="orden_de_producción" type="text" length="30" disabled=""></div><div class="formato ui-state-default ui-sortable-handle"><label>Turno</label><br><input type="radio" id="turno-0" name="radio" value="6-2" disabled=""><p>6-2</p> <input type="radio" id="turno-1" name="radio" value="2-10" disabled=""><p>2-10</p><input type="radio" id="turno-2" name="radio" value="10-6" disabled=""><p>10-6</p></div><div class="formato form-group ui-state-default ui-sortable-handle"><label>Fecha</label><input id="fecha" name="fecha" type="text" length="30" disabled=""></div><div class="formato form-group ui-state-default ui-sortable-handle"><label>Operador cargue</label><input id="operador_cargue" name="operador_cargue" type="text" length="30" disabled=""></div><div class="formato form-group ui-state-default ui-sortable-handle"><label>Producto</label><input id="producto" name="producto" type="text" length="30" disabled=""></div><div class="formato  form-group ui-state-default ui-sortable-handle"><label>Altura libre molino</label><input id="altura_libre_molino" name="altura_libre_molino" type="number" length="15" disabled=""></div><div class="formato ui-state-default ui-sortable-handle"><label>Revestimiento molino</label><br><input type="radio" id="revestimiento_molino-0" name="radio" value="bien" disabled=""><p>bien</p> <input type="radio" id="revestimiento_molino-1" name="radio" value="mal" disabled=""><p>mal</p></div><div class="formato ui-state-default ui-sortable-handle"><label>Lavado de molino</label><br><input type="radio" id="lavado_de_molino-0" name="radio" value="Si" disabled=""><p>Si</p> <input type="radio" id="lavado_de_molino-1" name="radio" value="No" disabled=""><p>No</p></div><div class="formato form-group ui-state-default ui-sortable-handle"><label>Tiempo de molienda</label><input id="tiempo_de_molienda" name="tiempo_de_molienda" type="text" length="30" disabled=""></div><div class="formato form-group ui-state-default ui-sortable-handle"><label>Hora inicio</label><input id="hora_inicio" name="hora_inicio" type="text" length="30" disabled=""></div><div class="formato form-group ui-state-default ui-sortable-handle"><label>Hora parada</label><input id="hora_parada" name="hora_parada" type="text" length="30" disabled=""></div><div class="formato ui-state-default ui-sortable-handle"><label>Untitled</label><br><input type="radio" id="Untitled-0" name="radio" value="1" disabled=""><p>1</p> <input type="radio" id="Untitled-1" name="radio" value="2" disabled=""><p>2</p><input type="radio" id="Untitled-2" name="radio" value="3" disabled=""><p>3</p><input type="radio" id="Untitled-3" name="radio" value="4" disabled=""><p>4</p><input type="radio" id="Untitled-4" name="radio" value="5" disabled=""><p>5</p><input type="radio" id="Untitled-5" name="radio" value="6" disabled=""><p>6</p><input type="radio" id="Untitled-6" name="radio" value="7" disabled=""><p>7</p><input type="radio" id="Untitled-7" name="radio" value="8" disabled=""><p>8</p><input type="radio" id="Untitled-8" name="radio" value="9" disabled=""><p>9</p></div><div class="formato ui-state-default ui-sortable-handle"><table id="tabla" name="tabla"><thead><tr><th><label>Titulo 1</label></th><th><p>Nueva columna</p></th><th><p>Nueva columna</p></th><th><p>Nueva columna</p></th><th><p>Nueva columna</p></th></tr></thead><tbody><tr><td><p>Untitled </p><input id="Untitled" name="untitled" type="text" disabled=""></td><td><p>Untitled </p><input id="Untitled" type="text" disabled=""></td><td><p>Untitled </p><input id="Untitled" type="text" disabled=""></td><td><p>Untitled </p><input id="Untitled" type="text" disabled=""></td><td><p>Untitled </p><input id="Untitled" type="text" disabled=""></td></tr><tr><td><p>Untitled </p><p><input id="Untitled" type="text" disabled=""></p></td><td><p>Untitled </p><p><input id="Untitled" type="text" disabled=""></p></td><td><p>Untitled </p><p><input id="Untitled" type="text" disabled=""></p></td><td><p>Untitled </p><p><input id="Untitled" type="text" disabled=""></p></td><td><p>Untitled </p><p><input id="Untitled" type="text" disabled=""></p></td></tr><tr><td><p>Untitled </p><p><input id="Untitled" type="text" disabled=""></p></td><td><p>Untitled </p><p><input id="Untitled" type="text" disabled=""></p></td><td><p>Untitled </p><p><input id="Untitled" type="text" disabled=""></p></td><td><p>Untitled </p><p><input id="Untitled" type="text" disabled=""></p></td><td><p>Untitled </p><p><input id="Untitled" type="text" disabled=""></p></td></tr><tr><td><p>Untitled </p><p><input id="Untitled" type="text" disabled=""></p></td><td><p>Untitled </p><p><input id="Untitled" type="text" disabled=""></p></td><td><p>Untitled </p><p><input id="Untitled" type="text" disabled=""></p></td><td><p>Untitled </p><p><input id="Untitled" type="text" disabled=""></p></td><td><p>Untitled </p><p><input id="Untitled" type="text" disabled=""></p></td></tr><tr><td><p>Untitled </p><p><input id="Untitled" type="text" disabled=""></p></td><td><p>Untitled </p><p><input id="Untitled" type="text" disabled=""></p></td><td><p>Untitled </p><p><input id="Untitled" type="text" disabled=""></p></td><td><p>Untitled </p><p><input id="Untitled" type="text" disabled=""></p></td><td><p>Untitled </p><p><input id="Untitled" type="text" disabled=""></p></td></tr><tr><td><p>Untitled </p><p><input id="Untitled" type="text" disabled=""></p></td><td><p>Untitled </p><p><input id="Untitled" type="text" disabled=""></p></td><td><p>Untitled </p><p><input id="Untitled" type="text" disabled=""></p></td><td><p>Untitled </p><p><input id="Untitled" type="text" disabled=""></p></td><td><p>Untitled </p><p><input id="Untitled" type="text" disabled=""></p></td></tr><tr><td><p>Untitled </p><p><input id="Untitled" type="text" disabled=""></p></td><td><p>Untitled </p><p><input id="Untitled" type="text" disabled=""></p></td><td><p>Untitled </p><p><input id="Untitled" type="text" disabled=""></p></td><td><p>Untitled </p><p><input id="Untitled" type="text" disabled=""></p></td><td><p>Untitled </p><p><input id="Untitled" type="text" disabled=""></p></td></tr><tr><td><p>Untitled </p><p><input id="Untitled" type="text" disabled=""></p></td><td><p>Untitled </p><p><input id="Untitled" type="text" disabled=""></p></td><td><p>Untitled </p><p><input id="Untitled" type="text" disabled=""></p></td><td><p>Untitled </p><p><input id="Untitled" type="text" disabled=""></p></td><td><p>Untitled </p><p><input id="Untitled" type="text" disabled=""></p></td></tr><tr><td><p>Untitled </p><p><input id="Untitled" type="text" disabled=""></p></td><td><p>Untitled </p><p><input id="Untitled" type="text" disabled=""></p></td><td><p>Untitled </p><p><input id="Untitled" type="text" disabled=""></p></td><td><p>Untitled </p><p><input id="Untitled" type="text" disabled=""></p></td><td><p>Untitled </p><p><input id="Untitled" type="text" disabled=""></p></td></tr><tr><td><p>Untitled </p><p><input id="Untitled" type="text" disabled=""></p></td><td><p>Untitled </p><p><input id="Untitled" type="text" disabled=""></p></td><td><p>Untitled </p><p><input id="Untitled" type="text" disabled=""></p></td><td><p>Untitled </p><p><input id="Untitled" type="text" disabled=""></p></td><td><p>Untitled </p><p><input id="Untitled" type="text" disabled=""></p></td></tr><tr><td><p>Untitled </p><p><input id="Untitled" type="text" disabled=""></p></td><td><p>Untitled </p><p><input id="Untitled" type="text" disabled=""></p></td><td><p>Untitled </p><p><input id="Untitled" type="text" disabled=""></p></td><td><p>Untitled </p><p><input id="Untitled" type="text" disabled=""></p></td><td><p>Untitled </p><p><input id="Untitled" type="text" disabled=""></p></td></tr><tr><td><p>Untitled </p><p><input id="Untitled" type="text" disabled=""></p></td><td><p>Untitled </p><p><input id="Untitled" type="text" disabled=""></p></td><td><p>Untitled </p><p><input id="Untitled" type="text" disabled=""></p></td><td><p>Untitled </p><p><input id="Untitled" type="text" disabled=""></p></td><td><p>Untitled </p><p><input id="Untitled" type="text" disabled=""></p></td></tr><tr><td><p>Untitled </p><p><input id="Untitled" type="text" disabled=""></p></td><td><p>Untitled </p><p><input id="Untitled" type="text" disabled=""></p></td><td><p>Untitled </p><p><input id="Untitled" type="text" disabled=""></p></td><td><p>Untitled </p><p><input id="Untitled" type="text" disabled=""></p></td><td><p>Untitled </p><p><input id="Untitled" type="text" disabled=""></p></td></tr><tr><td><p>Untitled </p><p><input id="Untitled" type="text" disabled=""></p></td><td><p>Untitled </p><p><input id="Untitled" type="text" disabled=""></p></td><td><p>Untitled </p><p><input id="Untitled" type="text" disabled=""></p></td><td><p>Untitled </p><p><input id="Untitled" type="text" disabled=""></p></td><td><p>Untitled </p><p><input id="Untitled" type="text" disabled=""></p></td></tr><tr><td><p>Untitled </p><p><input id="Untitled" type="text" disabled=""></p></td><td><p>Untitled </p><p><input id="Untitled" type="text" disabled=""></p></td><td><p>Untitled </p><p><input id="Untitled" type="text" disabled=""></p></td><td><p>Untitled </p><p><input id="Untitled" type="text" disabled=""></p></td><td><p>Untitled </p><p><input id="Untitled" type="text" disabled=""></p></td></tr><tr><td><p>Untitled </p><p><input id="Untitled" type="text" disabled=""></p></td><td><p>Untitled </p><p><input id="Untitled" type="text" disabled=""></p></td><td><p>Untitled </p><p><input id="Untitled" type="text" disabled=""></p></td><td><p>Untitled </p><p><input id="Untitled" type="text" disabled=""></p></td><td><p>Untitled </p><p><input id="Untitled" type="text" disabled=""></p></td></tr><tr><td><p>Untitled </p><p><input id="Untitled" type="text" disabled=""></p></td><td><p>Untitled </p><p><input id="Untitled" type="text" disabled=""></p></td><td><p>Untitled </p><p><input id="Untitled" type="text" disabled=""></p></td><td><p>Untitled </p><p><input id="Untitled" type="text" disabled=""></p></td><td><p>Untitled </p><p><input id="Untitled" type="text" disabled=""></p></td></tr><tr><td><p>Untitled </p><p><input id="Untitled" type="text" disabled=""></p></td><td><p>Untitled </p><p><input id="Untitled" type="text" disabled=""></p></td><td><p>Untitled </p><p><input id="Untitled" type="text" disabled=""></p></td><td><p>Untitled </p><p><input id="Untitled" type="text" disabled=""></p></td><td><p>Untitled </p><p><input id="Untitled" type="text" disabled=""></p></td></tr><tr><td><p>Untitled </p><p><input id="Untitled" type="text" disabled=""></p></td><td><p>Untitled </p><p><input id="Untitled" type="text" disabled=""></p></td><td><p>Untitled </p><p><input id="Untitled" type="text" disabled=""></p></td><td><p>Untitled </p><p><input id="Untitled" type="text" disabled=""></p></td><td><p>Untitled </p><p><input id="Untitled" type="text" disabled=""></p></td></tr></tbody></table></div><div class="formato ui-state-default ui-sortable-handle"><label>Observaciones</label><textarea id="observaciones" name="observaciones" type="text" disabled=""></textarea></div><div class="formato ui-state-default ui-sortable-handle" style="width:100%;"><label>Datos de ajuste</label></div><div class="formato form-group ui-state-default ui-sortable-handle"><label>Fecha</label><input id="fecha" name="fecha" type="text" length="30" disabled=""></div><div class="formato ui-state-default ui-sortable-handle"><label>Turno</label><br><input type="radio" id="turno-0" name="radio" value="6-2" disabled=""><p>6-2</p> <input type="radio" id="turno-1" name="radio" value="2-10" disabled=""><p>2-10</p><input type="radio" id="turno-2" name="radio" value="10-6" disabled=""><p>10-6</p></div><div class="formato form-group ui-state-default ui-sortable-handle"><label>Operador ajuste</label><input id="operador_ajuste" name="operador_ajuste" type="text" length="30" disabled=""></div><div class="formato form-group ui-state-default ui-sortable-handle"><label>Quien toma condiciones</label><input id="quien_toma_condiciones" name="quien_toma_condiciones" type="text" length="30" disabled=""></div><div class="formato form-group ui-state-default ui-sortable-handle"><label>Hora ajuste</label><input id="hora_ajuste" name="hora_ajuste" type="text" length="30" disabled=""></div><div class="formato ui-state-default ui-sortable-handle"><table id="tabla" name="tabla"><thead><tr><th><label>Titulo 1</label></th><th><p>Nueva columna</p></th><th><p>Nueva columna</p></th></tr></thead><tbody><tr><td><p>Untitled </p><input id="Untitled" name="untitled" type="text" disabled=""></td><td><p>Untitled </p><input id="Untitled" type="text" disabled=""></td><td><p>Untitled </p><input id="Untitled" type="text" disabled=""></td></tr><tr><td><p>Untitled </p><p><input id="Untitled" type="text" disabled=""></p></td><td><p>Untitled </p><p><input id="Untitled" type="text" disabled=""></p></td><td><p>Untitled </p><p><input id="Untitled" type="text" disabled=""></p></td></tr><tr><td><p>Untitled </p><p><input id="Untitled" type="text" disabled=""></p></td><td><p>Untitled </p><p><input id="Untitled" type="text" disabled=""></p></td><td><p>Untitled </p><p><input id="Untitled" type="text" disabled=""></p></td></tr><tr><td><p>Untitled </p><p><input id="Untitled" type="text" disabled=""></p></td><td><p>Untitled </p><p><input id="Untitled" type="text" disabled=""></p></td><td><p>Untitled </p><p><input id="Untitled" type="text" disabled=""></p></td></tr><tr><td><p>Untitled </p><p><input id="Untitled" type="text" disabled=""></p></td><td><p>Untitled </p><p><input id="Untitled" type="text" disabled=""></p></td><td><p>Untitled </p><p><input id="Untitled" type="text" disabled=""></p></td></tr></tbody></table></div><div class="formato ui-state-default"><table id="tabla" name="tabla"><thead><tr><th><label>Titulo 1</label></th><th><p>Nueva columna</p></th></tr></thead><tbody><tr><td><p>Untitled </p><input id="Untitled" name="untitled" type="text" disabled=""></td><td><p>Untitled </p><input id="Untitled" type="text" disabled=""></td></tr><tr><td><p>Untitled </p><p><input id="Untitled" type="text" disabled=""></p></td><td><p>Untitled </p><p><input id="Untitled" type="text" disabled=""></p></td></tr><tr><td><p>Untitled </p><p><input id="Untitled" type="text" disabled=""></p></td><td><p>Untitled </p><p><input id="Untitled" type="text" disabled=""></p></td></tr><tr><td><p>Untitled </p><p><input id="Untitled" type="text" disabled=""></p></td><td><p>Untitled </p><p><input id="Untitled" type="text" disabled=""></p></td></tr><tr><td><p>Untitled </p><p><input id="Untitled" type="text" disabled=""></p></td><td><p>Untitled </p><p><input id="Untitled" type="text" disabled=""></p></td></tr><tr><td><p>Untitled </p><p><input id="Untitled" type="text" disabled=""></p></td><td><p>Untitled </p><p><input id="Untitled" type="text" disabled=""></p></td></tr></tbody></table></div><div class="formato ui-state-default"><label>Observaciones ajuste</label><textarea id="observaciones_ajuste" name="observaciones_ajuste" type="text" disabled="" style="margin: 0px; width: 675px; height: 46px;"></textarea></div><div class="formato ui-state-default" style="width:100%;"><label>Naturaleza de cambio: Actualizar documentos SGC-00.940.056</label></div><div class="formato ui-state-default isSelected" style="width:100%;"><label>Versión 3</label></div>'),
('2016-04-14 15:25:50', 'asis', 'RES-1710', 'Actualización de versión inicial en el sistema', 'Versión 3', '\n        <table id="encabezado" style="width:100%;text-align: center" class="ui-sortable-handle">\n            <tbody><tr>\n                <td><h2> Nombre: Orden producción de esmaltes</h2></td>\n                <td><h2> Codigo: RES-1710 </h2></td>                    \n                <td><img class="img-responsive" src="../util/images/corporativo/logo_ceramica.png" alt="Cerámica Italia"></td>\n            </tr>\n        </tbody></table>\n    \n<div class="formato ui-state-default ui-sortable-handle" style="width:100%;"><label>Datos del cargue</label></div><div class="formato form-group ui-state-default ui-sortable-handle"><label>Orden de producción</label><input id="orden_de_producción" name="orden_de_producción" type="text" length="30" disabled=""></div><div class="formato ui-state-default ui-sortable-handle"><label>Turno</label><br><input type="radio" id="turno-0" name="radio" value="6-2" disabled=""><p>6-2</p> <input type="radio" id="turno-1" name="radio" value="2-10" disabled=""><p>2-10</p><input type="radio" id="turno-2" name="radio" value="10-6" disabled=""><p>10-6</p></div><div class="formato form-group ui-state-default ui-sortable-handle"><label>Fecha</label><input id="fecha" name="fecha" type="text" length="30" disabled=""></div><div class="formato form-group ui-state-default ui-sortable-handle"><label>Operador cargue</label><input id="operador_cargue" name="operador_cargue" type="text" length="30" disabled=""></div><div class="formato form-group ui-state-default ui-sortable-handle"><label>Producto</label><input id="producto" name="producto" type="text" length="30" disabled=""></div><div class="formato  form-group ui-state-default ui-sortable-handle"><label>Altura libre molino</label><input id="altura_libre_molino" name="altura_libre_molino" type="number" length="15" disabled=""></div><div class="formato ui-state-default ui-sortable-handle"><label>Revestimiento molino</label><br><input type="radio" id="revestimiento_molino-0" name="radio" value="bien" disabled=""><p>bien</p> <input type="radio" id="revestimiento_molino-1" name="radio" value="mal" disabled=""><p>mal</p></div><div class="formato ui-state-default ui-sortable-handle"><label>Lavado de molino</label><br><input type="radio" id="lavado_de_molino-0" name="radio" value="Si" disabled=""><p>Si</p> <input type="radio" id="lavado_de_molino-1" name="radio" value="No" disabled=""><p>No</p></div><div class="formato form-group ui-state-default ui-sortable-handle"><label>Tiempo de molienda</label><input id="tiempo_de_molienda" name="tiempo_de_molienda" type="text" length="30" disabled=""></div><div class="formato form-group ui-state-default ui-sortable-handle"><label>Hora inicio</label><input id="hora_inicio" name="hora_inicio" type="text" length="30" disabled=""></div><div class="formato form-group ui-state-default ui-sortable-handle"><label>Hora parada</label><input id="hora_parada" name="hora_parada" type="text" length="30" disabled=""></div><div class="formato ui-state-default ui-sortable-handle"><label>Untitled</label><br><input type="radio" id="Untitled-0" name="radio" value="1" disabled=""><p>1</p> <input type="radio" id="Untitled-1" name="radio" value="2" disabled=""><p>2</p><input type="radio" id="Untitled-2" name="radio" value="3" disabled=""><p>3</p><input type="radio" id="Untitled-3" name="radio" value="4" disabled=""><p>4</p><input type="radio" id="Untitled-4" name="radio" value="5" disabled=""><p>5</p><input type="radio" id="Untitled-5" name="radio" value="6" disabled=""><p>6</p><input type="radio" id="Untitled-6" name="radio" value="7" disabled=""><p>7</p><input type="radio" id="Untitled-7" name="radio" value="8" disabled=""><p>8</p><input type="radio" id="Untitled-8" name="radio" value="9" disabled=""><p>9</p></div><div class="formato ui-state-default ui-sortable-handle"><table id="tabla" name="tabla"><thead><tr><th><label>Titulo 1</label></th><th><p>Nueva columna</p></th><th><p>Nueva columna</p></th><th><p>Nueva columna</p></th><th><p>Nueva columna</p></th></tr></thead><tbody><tr><td><p>Untitled </p><input id="Untitled" name="untitled" type="text" disabled=""></td><td><p>Untitled </p><input id="Untitled" type="text" disabled=""></td><td><p>Untitled </p><input id="Untitled" type="text" disabled=""></td><td><p>Untitled </p><input id="Untitled" type="text" disabled=""></td><td><p>Untitled </p><input id="Untitled" type="text" disabled=""></td></tr><tr><td><p>Untitled </p><p><input id="Untitled" type="text" disabled=""></p></td><td><p>Untitled </p><p><input id="Untitled" type="text" disabled=""></p></td><td><p>Untitled </p><p><input id="Untitled" type="text" disabled=""></p></td><td><p>Untitled </p><p><input id="Untitled" type="text" disabled=""></p></td><td><p>Untitled </p><p><input id="Untitled" type="text" disabled=""></p></td></tr><tr><td><p>Untitled </p><p><input id="Untitled" type="text" disabled=""></p></td><td><p>Untitled </p><p><input id="Untitled" type="text" disabled=""></p></td><td><p>Untitled </p><p><input id="Untitled" type="text" disabled=""></p></td><td><p>Untitled </p><p><input id="Untitled" type="text" disabled=""></p></td><td><p>Untitled </p><p><input id="Untitled" type="text" disabled=""></p></td></tr><tr><td><p>Untitled </p><p><input id="Untitled" type="text" disabled=""></p></td><td><p>Untitled </p><p><input id="Untitled" type="text" disabled=""></p></td><td><p>Untitled </p><p><input id="Untitled" type="text" disabled=""></p></td><td><p>Untitled </p><p><input id="Untitled" type="text" disabled=""></p></td><td><p>Untitled </p><p><input id="Untitled" type="text" disabled=""></p></td></tr><tr><td><p>Untitled </p><p><input id="Untitled" type="text" disabled=""></p></td><td><p>Untitled </p><p><input id="Untitled" type="text" disabled=""></p></td><td><p>Untitled </p><p><input id="Untitled" type="text" disabled=""></p></td><td><p>Untitled </p><p><input id="Untitled" type="text" disabled=""></p></td><td><p>Untitled </p><p><input id="Untitled" type="text" disabled=""></p></td></tr><tr><td><p>Untitled </p><p><input id="Untitled" type="text" disabled=""></p></td><td><p>Untitled </p><p><input id="Untitled" type="text" disabled=""></p></td><td><p>Untitled </p><p><input id="Untitled" type="text" disabled=""></p></td><td><p>Untitled </p><p><input id="Untitled" type="text" disabled=""></p></td><td><p>Untitled </p><p><input id="Untitled" type="text" disabled=""></p></td></tr><tr><td><p>Untitled </p><p><input id="Untitled" type="text" disabled=""></p></td><td><p>Untitled </p><p><input id="Untitled" type="text" disabled=""></p></td><td><p>Untitled </p><p><input id="Untitled" type="text" disabled=""></p></td><td><p>Untitled </p><p><input id="Untitled" type="text" disabled=""></p></td><td><p>Untitled </p><p><input id="Untitled" type="text" disabled=""></p></td></tr><tr><td><p>Untitled </p><p><input id="Untitled" type="text" disabled=""></p></td><td><p>Untitled </p><p><input id="Untitled" type="text" disabled=""></p></td><td><p>Untitled </p><p><input id="Untitled" type="text" disabled=""></p></td><td><p>Untitled </p><p><input id="Untitled" type="text" disabled=""></p></td><td><p>Untitled </p><p><input id="Untitled" type="text" disabled=""></p></td></tr><tr><td><p>Untitled </p><p><input id="Untitled" type="text" disabled=""></p></td><td><p>Untitled </p><p><input id="Untitled" type="text" disabled=""></p></td><td><p>Untitled </p><p><input id="Untitled" type="text" disabled=""></p></td><td><p>Untitled </p><p><input id="Untitled" type="text" disabled=""></p></td><td><p>Untitled </p><p><input id="Untitled" type="text" disabled=""></p></td></tr><tr><td><p>Untitled </p><p><input id="Untitled" type="text" disabled=""></p></td><td><p>Untitled </p><p><input id="Untitled" type="text" disabled=""></p></td><td><p>Untitled </p><p><input id="Untitled" type="text" disabled=""></p></td><td><p>Untitled </p><p><input id="Untitled" type="text" disabled=""></p></td><td><p>Untitled </p><p><input id="Untitled" type="text" disabled=""></p></td></tr><tr><td><p>Untitled </p><p><input id="Untitled" type="text" disabled=""></p></td><td><p>Untitled </p><p><input id="Untitled" type="text" disabled=""></p></td><td><p>Untitled </p><p><input id="Untitled" type="text" disabled=""></p></td><td><p>Untitled </p><p><input id="Untitled" type="text" disabled=""></p></td><td><p>Untitled </p><p><input id="Untitled" type="text" disabled=""></p></td></tr><tr><td><p>Untitled </p><p><input id="Untitled" type="text" disabled=""></p></td><td><p>Untitled </p><p><input id="Untitled" type="text" disabled=""></p></td><td><p>Untitled </p><p><input id="Untitled" type="text" disabled=""></p></td><td><p>Untitled </p><p><input id="Untitled" type="text" disabled=""></p></td><td><p>Untitled </p><p><input id="Untitled" type="text" disabled=""></p></td></tr><tr><td><p>Untitled </p><p><input id="Untitled" type="text" disabled=""></p></td><td><p>Untitled </p><p><input id="Untitled" type="text" disabled=""></p></td><td><p>Untitled </p><p><input id="Untitled" type="text" disabled=""></p></td><td><p>Untitled </p><p><input id="Untitled" type="text" disabled=""></p></td><td><p>Untitled </p><p><input id="Untitled" type="text" disabled=""></p></td></tr><tr><td><p>Untitled </p><p><input id="Untitled" type="text" disabled=""></p></td><td><p>Untitled </p><p><input id="Untitled" type="text" disabled=""></p></td><td><p>Untitled </p><p><input id="Untitled" type="text" disabled=""></p></td><td><p>Untitled </p><p><input id="Untitled" type="text" disabled=""></p></td><td><p>Untitled </p><p><input id="Untitled" type="text" disabled=""></p></td></tr><tr><td><p>Untitled </p><p><input id="Untitled" type="text" disabled=""></p></td><td><p>Untitled </p><p><input id="Untitled" type="text" disabled=""></p></td><td><p>Untitled </p><p><input id="Untitled" type="text" disabled=""></p></td><td><p>Untitled </p><p><input id="Untitled" type="text" disabled=""></p></td><td><p>Untitled </p><p><input id="Untitled" type="text" disabled=""></p></td></tr><tr><td><p>Untitled </p><p><input id="Untitled" type="text" disabled=""></p></td><td><p>Untitled </p><p><input id="Untitled" type="text" disabled=""></p></td><td><p>Untitled </p><p><input id="Untitled" type="text" disabled=""></p></td><td><p>Untitled </p><p><input id="Untitled" type="text" disabled=""></p></td><td><p>Untitled </p><p><input id="Untitled" type="text" disabled=""></p></td></tr><tr><td><p>Untitled </p><p><input id="Untitled" type="text" disabled=""></p></td><td><p>Untitled </p><p><input id="Untitled" type="text" disabled=""></p></td><td><p>Untitled </p><p><input id="Untitled" type="text" disabled=""></p></td><td><p>Untitled </p><p><input id="Untitled" type="text" disabled=""></p></td><td><p>Untitled </p><p><input id="Untitled" type="text" disabled=""></p></td></tr><tr><td><p>Untitled </p><p><input id="Untitled" type="text" disabled=""></p></td><td><p>Untitled </p><p><input id="Untitled" type="text" disabled=""></p></td><td><p>Untitled </p><p><input id="Untitled" type="text" disabled=""></p></td><td><p>Untitled </p><p><input id="Untitled" type="text" disabled=""></p></td><td><p>Untitled </p><p><input id="Untitled" type="text" disabled=""></p></td></tr><tr><td><p>Untitled </p><p><input id="Untitled" type="text" disabled=""></p></td><td><p>Untitled </p><p><input id="Untitled" type="text" disabled=""></p></td><td><p>Untitled </p><p><input id="Untitled" type="text" disabled=""></p></td><td><p>Untitled </p><p><input id="Untitled" type="text" disabled=""></p></td><td><p>Untitled </p><p><input id="Untitled" type="text" disabled=""></p></td></tr></tbody></table></div><div class="formato ui-state-default ui-sortable-handle"><label>Observaciones</label><textarea id="observaciones" name="observaciones" type="text" disabled=""></textarea></div><div class="formato ui-state-default ui-sortable-handle" style="width:100%;"><label>Datos de ajuste</label></div><div class="formato form-group ui-state-default ui-sortable-handle"><label>Fecha</label><input id="fecha" name="fecha" type="text" length="30" disabled=""></div><div class="formato ui-state-default ui-sortable-handle"><label>Turno</label><br><input type="radio" id="turno-0" name="radio" value="6-2" disabled=""><p>6-2</p> <input type="radio" id="turno-1" name="radio" value="2-10" disabled=""><p>2-10</p><input type="radio" id="turno-2" name="radio" value="10-6" disabled=""><p>10-6</p></div><div class="formato form-group ui-state-default ui-sortable-handle"><label>Operador ajuste</label><input id="operador_ajuste" name="operador_ajuste" type="text" length="30" disabled=""></div><div class="formato form-group ui-state-default ui-sortable-handle"><label>Quien toma condiciones</label><input id="quien_toma_condiciones" name="quien_toma_condiciones" type="text" length="30" disabled=""></div><div class="formato form-group ui-state-default ui-sortable-handle"><label>Hora ajuste</label><input id="hora_ajuste" name="hora_ajuste" type="text" length="30" disabled=""></div><div class="formato ui-state-default ui-sortable-handle"><table id="tabla" name="tabla"><thead><tr><th><label>Titulo 1</label></th><th><p>Nueva columna</p></th><th><p>Nueva columna</p></th></tr></thead><tbody><tr><td><p>Untitled </p><input id="Untitled" name="untitled" type="text" disabled=""></td><td><p>Untitled </p><input id="Untitled" type="text" disabled=""></td><td><p>Untitled </p><input id="Untitled" type="text" disabled=""></td></tr><tr><td><p>Untitled </p><p><input id="Untitled" type="text" disabled=""></p></td><td><p>Untitled </p><p><input id="Untitled" type="text" disabled=""></p></td><td><p>Untitled </p><p><input id="Untitled" type="text" disabled=""></p></td></tr><tr><td><p>Untitled </p><p><input id="Untitled" type="text" disabled=""></p></td><td><p>Untitled </p><p><input id="Untitled" type="text" disabled=""></p></td><td><p>Untitled </p><p><input id="Untitled" type="text" disabled=""></p></td></tr><tr><td><p>Untitled </p><p><input id="Untitled" type="text" disabled=""></p></td><td><p>Untitled </p><p><input id="Untitled" type="text" disabled=""></p></td><td><p>Untitled </p><p><input id="Untitled" type="text" disabled=""></p></td></tr><tr><td><p>Untitled </p><p><input id="Untitled" type="text" disabled=""></p></td><td><p>Untitled </p><p><input id="Untitled" type="text" disabled=""></p></td><td><p>Untitled </p><p><input id="Untitled" type="text" disabled=""></p></td></tr></tbody></table></div><div class="formato ui-state-default"><table id="tabla" name="tabla"><thead><tr><th><label>Titulo 1</label></th><th><p>Nueva columna</p></th></tr></thead><tbody><tr><td><p>Untitled </p><input id="Untitled" name="untitled" type="text" disabled=""></td><td><p>Untitled </p><input id="Untitled" type="text" disabled=""></td></tr><tr><td><p>Untitled </p><p><input id="Untitled" type="text" disabled=""></p></td><td><p>Untitled </p><p><input id="Untitled" type="text" disabled=""></p></td></tr><tr><td><p>Untitled </p><p><input id="Untitled" type="text" disabled=""></p></td><td><p>Untitled </p><p><input id="Untitled" type="text" disabled=""></p></td></tr><tr><td><p>Untitled </p><p><input id="Untitled" type="text" disabled=""></p></td><td><p>Untitled </p><p><input id="Untitled" type="text" disabled=""></p></td></tr><tr><td><p>Untitled </p><p><input id="Untitled" type="text" disabled=""></p></td><td><p>Untitled </p><p><input id="Untitled" type="text" disabled=""></p></td></tr><tr><td><p>Untitled </p><p><input id="Untitled" type="text" disabled=""></p></td><td><p>Untitled </p><p><input id="Untitled" type="text" disabled=""></p></td></tr></tbody></table></div><div class="formato ui-state-default"><label>Observaciones ajuste</label><textarea id="observaciones_ajuste" name="observaciones_ajuste" type="text" disabled="" style="margin: 0px; width: 675px; height: 46px;"></textarea></div><div class="formato ui-state-default" style="width:100%;"><label>Naturaleza de cambio: Actualizar documentos SGC-00.940.056</label></div><div class="formato ui-state-default isSelected" style="width:100%;"><label>Versión 3</label></div>'),
('2016-04-14 15:49:10', 'asis', 'RMO-1100', 'Corrección de los nombres de las entradas de texto', 'Naturaleza del cambio: 00.718.784', '<table id="encabezado" style="width:100%;text-align: center" class="ui-sortable-handle">\n                    <tbody><tr>\n                    <td><h2> Nombre: Cargue materia prima</h2></td>\n                    <td><h2> Codigo: RMO-1100 </h2></td>                    \n                    <td><img class="img-responsive" src="../util/images/corporativo/logo_ceramica.png" alt="Cerámica Italia"></td>\n                    </tr>\n                </tbody></table>\n            <div class="formato form-group ui-state-default ui-sortable-handle"><label>Fecha</label><input id="fecha" type="text" length="30" disabled="" name="fecha"></div><div class="formato form-group ui-state-default ui-sortable-handle"><label>Operario</label><input id="operario" type="text" length="30" disabled="" name="operario"></div><div class="formato ui-state-default ui-sortable-handle"><label>Tipo de cargue</label> <br><input id="tipo_de_cargue-0" type="checkbox" name="tipo_de_cargue-0" value="Gres" disabled=""><p>Gres</p><input id="tipo_de_cargue-1" type="checkbox" name="tipo_de_cargue-1" value="Ensayo" disabled=""><p>Ensayo</p></div><div class="formato ui-state-default ui-sortable-handle"><label>Turno</label><br><input type="radio" id="turno-0" name="radio" value="6 a.m. - 2 p.m." disabled=""><p>6 a.m. - 2 p.m.</p> <input type="radio" id="turno-1" name="radio" value="2 p.m. - 8 p.m." disabled=""><p>2 p.m. - 8 p.m.</p><input type="radio" id="turno-2" name="radio" value="8 p.m. - 6 a.m." disabled=""><p>8 p.m. - 6 a.m.</p></div><div class="formato  form-group ui-state-default ui-sortable-handle"><label>Tolva No.</label><input id="tolva_no." type="number" length="15" disabled="" name="tolva_no."></div><div class="formato  form-group ui-state-default ui-sortable-handle"><label>Número</label><input id="número" type="number" length="15" disabled="" name="número"></div><div class="formato ui-state-default ui-sortable-handle" style="width:100%;"><label>Tabla de materiales</label></div><div class="formato ui-state-default ui-sortable-handle"><table id="tabla" name="tabla"><thead><tr><th><label>Titulo 1</label></th><th><p>Nueva columna</p></th><th><p>Nueva columna</p></th><th><p>Nueva columna</p></th><th><p>Nueva columna</p></th></tr></thead><tbody><tr><td><p>Untitled </p><input id="Untitled" type="text" disabled=""></td><td><p>Untitled </p><input id="Untitled" type="text" disabled=""></td><td><p>Untitled </p><input id="Untitled" type="text" disabled=""></td><td><p>Untitled </p><input id="Untitled" type="text" disabled=""></td><td><p>Untitled </p><input id="Untitled" type="text" disabled=""></td></tr><tr><td><p>Untitled </p><p><input id="Untitled" type="text" disabled=""></p></td><td><p>Untitled </p><input id="Untitled" type="text" disabled=""></td><td><p>Untitled </p><input id="Untitled" type="text" disabled=""></td><td><p>Untitled </p><input id="Untitled" type="text" disabled=""></td><td><p>Untitled </p><input id="Untitled" type="text" disabled=""></td></tr><tr><td><p>Untitled </p><p><input id="Untitled" type="text" disabled=""></p></td><td><p>Untitled </p><p><input id="Untitled" type="text" disabled=""></p></td><td><p>Untitled </p><p><input id="Untitled" type="text" disabled=""></p></td><td><p>Untitled </p><p><input id="Untitled" type="text" disabled=""></p></td><td><p>Untitled </p><p><input id="Untitled" type="text" disabled=""></p></td></tr><tr><td><p>Untitled </p><p><input id="Untitled" type="text" disabled=""></p></td><td><p>Untitled </p><p><input id="Untitled" type="text" disabled=""></p></td><td><p>Untitled </p><p><input id="Untitled" type="text" disabled=""></p></td><td><p>Untitled </p><p><input id="Untitled" type="text" disabled=""></p></td><td><p>Untitled </p><p><input id="Untitled" type="text" disabled=""></p></td></tr><tr><td><p>Untitled </p><p><input id="Untitled" type="text" disabled=""></p></td><td><p>Untitled </p><p><input id="Untitled" type="text" disabled=""></p></td><td><p>Untitled </p><p><input id="Untitled" type="text" disabled=""></p></td><td><p>Untitled </p><p><input id="Untitled" type="text" disabled=""></p></td><td><p>Untitled </p><p><input id="Untitled" type="text" disabled=""></p></td></tr><tr><td><p>Untitled </p><p><input id="Untitled" type="text" disabled=""></p></td><td><p>Untitled </p><p><input id="Untitled" type="text" disabled=""></p></td><td><p>Untitled </p><p><input id="Untitled" type="text" disabled=""></p></td><td><p>Untitled </p><p><input id="Untitled" type="text" disabled=""></p></td><td><p>Untitled </p><p><input id="Untitled" type="text" disabled=""></p></td></tr><tr><td><p>Untitled </p><p><input id="Untitled" type="text" disabled=""></p></td><td><p>Untitled </p><p><input id="Untitled" type="text" disabled=""></p></td><td><p>Untitled </p><p><input id="Untitled" type="text" disabled=""></p></td><td><p>Untitled </p><p><input id="Untitled" type="text" disabled=""></p></td><td><p>Untitled </p><p><input id="Untitled" type="text" disabled=""></p></td></tr><tr><td><p>Untitled </p><p><input id="Untitled" type="text" disabled=""></p></td><td><p>Untitled </p><p><input id="Untitled" type="text" disabled=""></p></td><td><p>Untitled </p><p><input id="Untitled" type="text" disabled=""></p></td><td><p>Untitled </p><p><input id="Untitled" type="text" disabled=""></p></td><td><p>Untitled </p><p><input id="Untitled" type="text" disabled=""></p></td></tr></tbody></table></div><div class="formato ui-state-default ui-sortable-handle"><label>Observaciones</label><textarea id="observaciones" type="text" disabled="" name="observaciones" style="margin: 0px; width: 619px; height: 67px;"></textarea></div><div class="formato form-group ui-state-default ui-sortable-handle"><label>Consecutivo</label><input id="consecutivo" type="text" length="30" disabled="" name="consecutivo"></div><div class="formato form-group ui-state-default ui-sortable-handle"><label>Firma del cargador</label><input id="firma_del_cargador" type="text" length="30" disabled="" name="firma_del_cargador"></div><div class="formato ui-state-default ui-sortable-handle isSelected" style="width: 100%;"><label>Naturaleza del cambio: 00.718.784</label></div>\n\n\n'),
('2016-04-14 22:48:10', 'asis', 'TEST', 'Formato de pruebas para almacenamiento de la info', 'Version test2.1', '        <table id="encabezado" style="width:100%;text-align: center" class="ui-sortable-handle">\r\n            <tbody><tr>\r\n                <td><h2> Nombre: Prueba</h2></td>\r\n                <td><h2> Codigo: TEST </h2></td>                    \r\n                <td><img class="img-responsive" src="../util/images/corporativo/logo_ceramica.png" alt="Cerámica Italia"></td>\r\n            </tr>\r\n        </tbody></table>\r\n    <div class="formato form-group ui-state-default ui-sortable-handle"><label>Nombre</label><input id="nombre" name="nombre" type="text" length="30" disabled=""></div>\r\n<div class="formato  form-group ui-state-default ui-sortable-handle"><label>Edad</label><input id="edad" name="edad" type="number" length="15" disabled=""></div><div class="formato ui-state-default"><label>Area</label><textarea id="area" name="area" type="text" disabled="" style="margin: 0px; height: 60px; width: 209px;"></textarea></div><div class="formato ui-state-default"><label>verificacion</label> <br><input id="verificacion-0" type="checkbox" name="verificacion-0" value="cas1" disabled=""><p>cas1</p><input id="verificacion-1" type="checkbox" name="verificacion-1" value="cas2" disabled=""><p>cas2</p><input id="verificacion-2" type="checkbox" name="verificacion-2" value="cas3" disabled=""><p>cas3</p></div><div class="formato ui-state-default"><label>opciones</label><br><input type="radio" id="opciones-0" name="radio" value="si" disabled=""><p>si</p> <input type="radio" id="opciones-1" name="radio" value="no" disabled=""><p>no</p></div><div class="formato ui-state-default ui-sortable-handle"><label>Lista</label><select id="lista" name="lista"><option value="opc1" selected="">opc1</option><option value="opc2">opc2</option><option value="opc3">opc3</option></select></div><div class="formato ui-state-default"><table id="tabla" name="tabla"><thead><tr><th><label>Titulo 1</label></th></tr></thead><tbody><tr><td><p>Untitled </p><input id="Untitled" name="untitled" type="text" disabled=""></td></tr></tbody></table></div><div class="formato ui-state-default isSelected" style="width:100%;"><label>Esto es un separador</label></div>'),
('2016-04-14 22:53:16', 'asis', 'TEST', 'Formato de pruebas para almacenamiento de la info', 'Version test2', '\n        <table id="encabezado" style="width:100%;text-align: center" class="ui-sortable-handle">\n            <tbody><tr>\n                <td><h2> Nombre: Prueba</h2></td>\n                <td><h2> Codigo: TEST </h2></td>                    \n                <td><img class="img-responsive" src="../util/images/corporativo/logo_ceramica.png" alt="Cerámica Italia"></td>\n            </tr>\n        </tbody></table>\n    <div class="formato form-group ui-state-default ui-sortable-handle"><label>Nombre<p style="color:red;">*</p></label><input id="nombre" name="nombre" type="text" length="30" disabled="" required="required"></div>\n<div class="formato  form-group ui-state-default ui-sortable-handle isSelected"><label>Edad<p style="color:red;">*</p></label><input id="edad" name="edad" type="number" length="15" disabled="" required="required"></div><div class="formato ui-state-default ui-sortable-handle"><label>Area</label><textarea id="area" name="area" type="text" disabled="" style="margin: 0px; height: 60px; width: 209px;"></textarea></div><div class="formato ui-state-default ui-sortable-handle"><label>verificacion</label> <br><input id="verificacion-0" type="checkbox" name="verificacion-0" value="cas1" disabled=""><p>cas1</p><input id="verificacion-1" type="checkbox" name="verificacion-1" value="cas2" disabled=""><p>cas2</p><input id="verificacion-2" type="checkbox" name="verificacion-2" value="cas3" disabled=""><p>cas3</p></div><div class="formato ui-state-default ui-sortable-handle"><label>opciones</label><br><input type="radio" id="opciones-0" name="radio" value="si" disabled=""><p>si</p> <input type="radio" id="opciones-1" name="radio" value="no" disabled=""><p>no</p></div><div class="formato ui-state-default ui-sortable-handle"><label>Lista</label><select id="lista" name="lista"><option value="opc1" selected="">opc1</option><option value="opc2">opc2</option><option value="opc3">opc3</option></select></div><div class="formato ui-state-default ui-sortable-handle"><table id="tabla" name="tabla"><thead><tr><th><label>Titulo 1</label></th></tr></thead><tbody><tr><td><p>Untitled </p><input id="Untitled" name="untitled" type="text" disabled=""></td></tr></tbody></table></div><div class="formato ui-state-default ui-sortable-handle" style="width:100%;"><label>Esto es un separador</label></div>\n');
INSERT INTO `modificaciones_formato` (`fecha_modificacion`, `id_usuario`, `id_formato`, `detalle_modificacion`, `observaciones_formato`, `html`) VALUES
('2016-04-15 15:34:59', 'asis', 'TEST', 'Test', 'Test version 2', '\n        <table id="encabezado" style="width:100%;text-align: center" class="ui-sortable-handle">\n            <tbody><tr>\n                <td><h2> Nombre: Prueba</h2></td>\n                <td><h2> Codigo: TEST </h2></td>                    \n                <td><img class="img-responsive" src="../util/images/corporativo/logo_ceramica.png" alt="Cerámica Italia"></td>\n            </tr>\n        </tbody></table>\n    <div class="formato form-group ui-state-default ui-sortable-handle"><label>Nombre<p style="color:red;">*</p></label><input id="nombre" name="nombre" type="text" length="30" disabled="" required="required"></div>\n<div class="formato  form-group ui-state-default ui-sortable-handle"><label>Edad<p style="color:red;">*</p></label><input id="edad" name="edad" type="number" length="15" disabled="" required="required"></div><div class="formato form-group ui-state-default ui-sortable-handle"><label>No requerido</label><input id="no_requerido" name="no_requerido" type="text" length="30" disabled=""></div><div class="formato ui-state-default ui-sortable-handle"><label>verificacion</label> <br><input id="verificacion-0" type="checkbox" name="verificacion-0" value="cas1" disabled=""><p>cas1</p><input id="verificacion-1" type="checkbox" name="verificacion-1" value="cas2" disabled=""><p>cas2</p><input id="verificacion-2" type="checkbox" name="verificacion-2" value="cas3" disabled=""><p>cas3</p></div><div class="formato ui-state-default ui-sortable-handle"><label>opciones</label><br><input type="radio" id="opciones-0" name="radio" value="si" disabled=""><p>si</p> <input type="radio" id="opciones-1" name="radio" value="no" disabled=""><p>no</p></div><div class="formato ui-state-default ui-sortable-handle"><label>Lista</label><select id="lista" name="lista"><option value="opc1" selected="">opc1</option><option value="opc2">opc2</option><option value="opc3">opc3</option></select></div><div class="formato ui-state-default ui-sortable-handle" style="width:100%;"><label>Esto es un separador</label></div><div class="formato ui-state-default ui-sortable-handle isSelected"><label>Area</label><textarea id="area" name="area" type="text" disabled="" style="margin: 0px; height: 60px; width: 696px;"></textarea></div>\n\n'),
('2016-04-18 15:53:09', 'asis', 'TEST', 'Corrección del nombre del radio button', 'Revisión del formato', '\n        <table id="encabezado" style="width:100%;text-align: center" class="ui-sortable-handle">\n            <tbody><tr>\n                <td><h2> Nombre: Prueba</h2></td>\n                <td><h2> Codigo: TEST </h2></td>                    \n                <td><img class="img-responsive" src="../util/images/corporativo/logo_ceramica.png" alt="Cerámica Italia"></td>\n            </tr>\n        </tbody></table>\n    <div class="formato form-group ui-state-default ui-sortable-handle"><label>Nombre<p style="color:red;">*</p></label><input id="nombre" name="nombre" type="text" length="30" disabled="" required="required"></div>\n<div class="formato  form-group ui-state-default ui-sortable-handle"><label>Edad<p style="color:red;">*</p></label><input id="edad" name="edad" type="number" length="15" disabled="" required="required"></div><div class="formato form-group ui-state-default ui-sortable-handle"><label>No requerido</label><input id="no_requerido" name="no_requerido" type="text" length="30" disabled=""></div><div class="formato ui-state-default ui-sortable-handle"><label>verificacion</label> <br><input id="verificacion-0" type="checkbox" name="verificacion-0" value="cas1" disabled=""><p>cas1</p><input id="verificacion-1" type="checkbox" name="verificacion-1" value="cas2" disabled=""><p>cas2</p><input id="verificacion-2" type="checkbox" name="verificacion-2" value="cas3" disabled=""><p>cas3</p></div><div class="formato ui-state-default ui-sortable-handle"><label>opciones</label><br><input type="radio" id="opciones-0" name="opciones" value="si" disabled=""><p>si</p> <input type="radio" id="opciones-1" name="opciones" value="no" disabled=""><p>no</p></div><div class="formato ui-state-default ui-sortable-handle"><label>Lista</label><select id="lista" name="lista"><option value="opc1" selected="">opc1</option><option value="opc2">opc2</option><option value="opc3">opc3</option></select></div><div class="formato ui-state-default ui-sortable-handle isSelected" style="width:100%;"><label>Esto es un separador</label></div><div class="formato ui-state-default ui-sortable-handle"><label>Area</label><textarea id="area" name="area" type="text" disabled="" style="margin: 0px; height: 60px; width: 696px;"></textarea></div>\n\n\n');

--
-- Disparadores `modificaciones_formato`
--
DELIMITER $$
CREATE TRIGGER `actualizacion_formato` AFTER INSERT ON `modificaciones_formato` FOR EACH ROW UPDATE `formato` SET `observaciones`=new.observaciones_formato,`codigo_html`=new.html WHERE  `cod_formato`=new.id_formato
$$
DELIMITER ;

-- --------------------------------------------------------

--
-- Estructura de tabla para la tabla `tipo_usuario`
--

CREATE TABLE `tipo_usuario` (
  `id_tipo` int(1) NOT NULL,
  `descripcion_tipo` varchar(30) CHARACTER SET utf8 COLLATE utf8_spanish_ci NOT NULL
) ENGINE=InnoDB DEFAULT CHARSET=utf8 COLLATE=utf8_unicode_ci;

--
-- Volcado de datos para la tabla `tipo_usuario`
--

INSERT INTO `tipo_usuario` (`id_tipo`, `descripcion_tipo`) VALUES
(0, 'operario'),
(1, 'administrador'),
(2, 'asistente'),
(3, 'supervisor');

-- --------------------------------------------------------

--
-- Estructura de tabla para la tabla `usuario`
--

CREATE TABLE `usuario` (
  `codigo_usuario` varchar(30) CHARACTER SET utf8 COLLATE utf8_spanish_ci NOT NULL,
  `nombre_usuario` varchar(30) CHARACTER SET utf8 COLLATE utf8_spanish_ci NOT NULL,
  `apellido_usuario` varchar(30) CHARACTER SET utf8 COLLATE utf8_spanish_ci NOT NULL,
  `cedula_usuario` varchar(15) CHARACTER SET utf8 COLLATE utf8_spanish_ci NOT NULL,
  `password_usuario` varchar(50) CHARACTER SET utf8 COLLATE utf8_spanish_ci NOT NULL,
  `correo_usuario` varchar(50) CHARACTER SET utf8 COLLATE utf8_spanish_ci NOT NULL,
  `cargo_usuario` varchar(50) CHARACTER SET utf8 COLLATE utf8_spanish_ci NOT NULL,
  `departamento_usuario` varchar(30) CHARACTER SET utf8 COLLATE utf8_spanish_ci NOT NULL,
  `telefono_usuario` varchar(20) CHARACTER SET utf8 COLLATE utf8_spanish_ci NOT NULL,
  `rol_usuario` int(1) NOT NULL,
  `estado_usuario` tinyint(1) NOT NULL,
  `fecha_registro` timestamp NOT NULL DEFAULT CURRENT_TIMESTAMP ON UPDATE CURRENT_TIMESTAMP
) ENGINE=InnoDB DEFAULT CHARSET=utf8 COLLATE=utf8_unicode_ci;

--
-- Volcado de datos para la tabla `usuario`
--

INSERT INTO `usuario` (`codigo_usuario`, `nombre_usuario`, `apellido_usuario`, `cedula_usuario`, `password_usuario`, `correo_usuario`, `cargo_usuario`, `departamento_usuario`, `telefono_usuario`, `rol_usuario`, `estado_usuario`, `fecha_registro`) VALUES
('admin', 'Dani', 'Cuervo', '1090', 'admin', 'admin@cisa.com', 'administrador TI', 'TI', '119', 1, 1, '2016-04-07 16:02:22'),
('asis', 'asis_name', 'asis_last', '369', 'asis', 'asis@cisa.com', 'asistente TI', 'TI', '119', 2, 1, '2016-04-11 19:25:57'),
('oper', 'oper_name', 'oper_last', '147', 'oper', 'oper@cisa.com', 'operario TI', 'TI', '119', 0, 1, '2016-04-07 16:45:17'),
('super', 'super_name', 'super_last', '258', 'super', 'super@cisa.com', 'supervisor TI', 'TI', '119', 3, 1, '2016-04-07 16:45:29');

-- --------------------------------------------------------

--
-- Estructura de tabla para la tabla `usuario_formato`
--

CREATE TABLE `usuario_formato` (
  `id_usuario` varchar(30) CHARACTER SET utf8 COLLATE utf8_spanish_ci NOT NULL,
  `id_formato` varchar(30) CHARACTER SET utf8 COLLATE utf8_spanish_ci NOT NULL,
  `fecha_accion` timestamp NOT NULL DEFAULT CURRENT_TIMESTAMP ON UPDATE CURRENT_TIMESTAMP,
  `accion` varchar(30) CHARACTER SET utf8 COLLATE utf8_spanish_ci NOT NULL
) ENGINE=InnoDB DEFAULT CHARSET=utf8 COLLATE=utf8_unicode_ci;

--
-- Volcado de datos para la tabla `usuario_formato`
--

INSERT INTO `usuario_formato` (`id_usuario`, `id_formato`, `fecha_accion`, `accion`) VALUES
('oper', 'RMO-1100', '2016-04-15 21:28:57', 'desasignado'),
('oper', 'TEST', '2016-04-16 13:35:04', 'asignado'),
('super', 'RES-1710', '2016-04-15 21:01:59', 'asignado'),
('super', 'RMO-1100', '2016-04-15 21:02:03', 'asignado'),
('super', 'TEST', '2016-04-15 21:26:46', 'asignado');

--
-- Disparadores `usuario_formato`
--
DELIMITER $$
CREATE TRIGGER `historial_cambios` AFTER UPDATE ON `usuario_formato` FOR EACH ROW INSERT INTO  `historial_usuario_formato` (`id_usuario`,`id_formato`,`fecha`,`accion`)
VALUES (OLD.id_usuario, OLD.id_formato, OLD.fecha_accion, OLD.accion)
$$
DELIMITER ;

--
-- Índices para tablas volcadas
--

--
-- Indices de la tabla `formato`
--
ALTER TABLE `formato`
  ADD PRIMARY KEY (`cod_formato`),
  ADD KEY `frecuencia_uso` (`frecuencia_uso`);

--
-- Indices de la tabla `frecuencia_formato`
--
ALTER TABLE `frecuencia_formato`
  ADD PRIMARY KEY (`id`);

--
-- Indices de la tabla `historial_usuario_formato`
--
ALTER TABLE `historial_usuario_formato`
  ADD PRIMARY KEY (`id`),
  ADD KEY `usuario` (`id_usuario`),
  ADD KEY `formato` (`id_formato`) USING BTREE;

--
-- Indices de la tabla `info_res-1710`
--
ALTER TABLE `info_res-1710`
  ADD PRIMARY KEY (`id`);

--
-- Indices de la tabla `info_rmo-1100`
--
ALTER TABLE `info_rmo-1100`
  ADD PRIMARY KEY (`id`);

--
-- Indices de la tabla `info_test`
--
ALTER TABLE `info_test`
  ADD PRIMARY KEY (`id`);

--
-- Indices de la tabla `modificaciones_formato`
--
ALTER TABLE `modificaciones_formato`
  ADD PRIMARY KEY (`fecha_modificacion`,`id_usuario`,`id_formato`),
  ADD KEY `id_formato` (`id_formato`),
  ADD KEY `id_usuario` (`id_usuario`) USING BTREE;

--
-- Indices de la tabla `tipo_usuario`
--
ALTER TABLE `tipo_usuario`
  ADD PRIMARY KEY (`id_tipo`);

--
-- Indices de la tabla `usuario`
--
ALTER TABLE `usuario`
  ADD PRIMARY KEY (`codigo_usuario`) USING BTREE,
  ADD UNIQUE KEY `cedula_usuario` (`cedula_usuario`),
  ADD KEY `rol_usuario` (`rol_usuario`);

--
-- Indices de la tabla `usuario_formato`
--
ALTER TABLE `usuario_formato`
  ADD PRIMARY KEY (`id_usuario`,`id_formato`),
  ADD KEY `id_usuario` (`id_usuario`),
  ADD KEY `id_formato` (`id_formato`) USING BTREE;

--
-- AUTO_INCREMENT de las tablas volcadas
--

--
-- AUTO_INCREMENT de la tabla `historial_usuario_formato`
--
ALTER TABLE `historial_usuario_formato`
  MODIFY `id` int(11) NOT NULL AUTO_INCREMENT, AUTO_INCREMENT=14;
--
-- AUTO_INCREMENT de la tabla `info_res-1710`
--
ALTER TABLE `info_res-1710`
  MODIFY `id` int(11) NOT NULL AUTO_INCREMENT;
--
-- AUTO_INCREMENT de la tabla `info_rmo-1100`
--
ALTER TABLE `info_rmo-1100`
  MODIFY `id` int(11) NOT NULL AUTO_INCREMENT;
--
-- AUTO_INCREMENT de la tabla `info_test`
--
ALTER TABLE `info_test`
  MODIFY `id` int(11) NOT NULL AUTO_INCREMENT, AUTO_INCREMENT=7;
--
-- AUTO_INCREMENT de la tabla `tipo_usuario`
--
ALTER TABLE `tipo_usuario`
  MODIFY `id_tipo` int(1) NOT NULL AUTO_INCREMENT, AUTO_INCREMENT=4;
--
-- Restricciones para tablas volcadas
--

--
-- Filtros para la tabla `formato`
--
ALTER TABLE `formato`
  ADD CONSTRAINT `formato_ibfk_1` FOREIGN KEY (`frecuencia_uso`) REFERENCES `frecuencia_formato` (`id`);

--
-- Filtros para la tabla `modificaciones_formato`
--
ALTER TABLE `modificaciones_formato`
  ADD CONSTRAINT `modificaciones_formato_ibfk_1` FOREIGN KEY (`id_usuario`) REFERENCES `usuario` (`codigo_usuario`),
  ADD CONSTRAINT `modificaciones_formato_ibfk_2` FOREIGN KEY (`id_formato`) REFERENCES `formato` (`cod_formato`);

--
-- Filtros para la tabla `usuario`
--
ALTER TABLE `usuario`
  ADD CONSTRAINT `usuario_ibfk_1` FOREIGN KEY (`rol_usuario`) REFERENCES `tipo_usuario` (`id_tipo`);

--
-- Filtros para la tabla `usuario_formato`
--
ALTER TABLE `usuario_formato`
  ADD CONSTRAINT `usuario_formato_ibfk_1` FOREIGN KEY (`id_usuario`) REFERENCES `usuario` (`codigo_usuario`),
  ADD CONSTRAINT `usuario_formato_ibfk_2` FOREIGN KEY (`id_formato`) REFERENCES `formato` (`cod_formato`);

/*!40101 SET CHARACTER_SET_CLIENT=@OLD_CHARACTER_SET_CLIENT */;
/*!40101 SET CHARACTER_SET_RESULTS=@OLD_CHARACTER_SET_RESULTS */;
/*!40101 SET COLLATION_CONNECTION=@OLD_COLLATION_CONNECTION */;
